Workbook
Name ALT: 氏名!#REF!
Name AZURE・PLUS: 氏名!#REF!
Name FPTジャパン: 氏名!$D$2:$D$59
Name GEL研究所: 氏名!#REF!
Name miracleave: 氏名!#REF!
Name MSI: 氏名!#REF!
Name MWI: 氏名!#REF!
Name NTC: 氏名!#REF!
Name Sharing_Innovations: 氏名!#REF!
Name SHIFT: 氏名!#REF!
Name SIG: 氏名!#REF!
Name XspearConsulting: 氏名!#REF!
Name アイビス: 氏名!#REF!
Name アヴァンティスタッフ: 氏名!#REF!
Name アクサス: 氏名!#REF!
Name アドマックス: 氏名!#REF!
Name インプレス: 氏名!#REF!
Name エイシル: 氏名!#REF!
Name エヌエス・フューチャー: 氏名!#REF!
Name サイバーコム: 氏名!#REF!
Name サンアイエンジニアリング: 氏名!#REF!
Name ジーソル: 氏名!#REF!
Name システムコード: PJ!$A:$C
Name システムコード: PJ!$A:$C
Name システムプロダクツ: 氏名!#REF!
Name スタッフサービス: 氏名!#REF!
Name ステップITソリューション: 氏名!#REF!
Name スリーエース: 氏名!#REF!
Name ソフトテックス: 氏名!#REF!
Name タクミコーポレーション: 氏名!#REF!
Name テクノプロ: 氏名!#REF!
Name テックビズ: 氏名!#REF!
Name トライベック: 氏名!#REF!
Name ネオテックス: 氏名!#REF!
Name パーソルテクノロジースタッフ: 氏名!#REF!
Name プライマル: 氏名!#REF!
Name プライム: 氏名!#REF!
Name ブレーク: 氏名!#REF!
Name プロジェクトWORK: PJ!$A$2:$D$2
Name プロジェクトコード: PJ!$D:$D
Name プロジェクトコード: PJ!$D:$D
Name ラクスパートナーズ: 氏名!#REF!
Name リード: 氏名!#REF!
Name リクルートスタッフィング: 氏名!#REF!
Name 会社名: 会社名!$B$2:$B$2
Name 工種_間接: 工種!$B$77:$B$83
Name 工種_全部: 工種!$B$2:$B$83
Name 工種_通常: 工種!$B$2:$B$76
Name 社員名: [1]所属!$A$2:$A$303
Name 綜合システム開発: 氏名!#REF!
Name 日本ラッド: 氏名!#REF!

Sheet 1週
A1: 週間進捗状況報告書
T2: 管理者 | W2: 本人
B3: 2026 | C3: 7
C4: =IF(C3="","",IF(U9="","",1)) -> 1
B6: 会社名 | C6: FPTジャパン | D6: =IFERROR(INDEX(会社名!A:A,MATCH(C6,会社名!B:B,0),1),"") -> 10000
B7: 氏名 | C7: Nguyen Hoang Nam | D7: BA
I8: 月 | K8: 火 | M8: 水 | O8: 木 | Q8: 金 | S8: 土 | U8: 日
I9: =IF(WEEKDAY($B$3&"/"&$C$3&"/"&1)=2,1,"") | K9: =IF(I9<>"",I9+1,IF(WEEKDAY($B$3&"/"&$C$3&"/"&1)=3,1,"")) | M9: =IF(K9<>"",K9+1,IF(WEEKDAY($B$3&"/"&$C$3&"/"&1)=4,1,"")) -> 1 | O9: =IF(M9<>"",M9+1,IF(WEEKDAY($B$3&"/"&$C$3&"/"&1)=5,1,"")) -> 2 | Q9: =IF(O9<>"",O9+1,IF(WEEKDAY($B$3&"/"&$C$3&"/"&1)=6,1,"")) -> 3 | S9: =IF(Q9<>"",Q9+1,IF(WEEKDAY($B$3&"/"&$C$3&"/"&1)=7,1,"")) -> 4 | U9: =IF(S9<>"",S9+1,IF(WEEKDAY($B$3&"/"&$C$3&"/"&1)=1,1,"")) -> 5
A10: No | B10: システムコード | C10: システム名 | D10: 工種コード | E10: 主な作業内容（予定） | F10: 予定 | G10: 始業 | M10: 0.375 | O10: 0.375 | Q10: 0.375 | W10: 累計
B11: プロジェクトコード | C11: プロジェクト名 | D11: 工種 | F11: 達成度 | G11: 終業 | M11: 0.77083333 | O11: 0.77083333 | Q11: 0.77083333 | W11: =W13 -> 1.875
F12: 休憩・外出時間 | M12: 0.041666667 | O12: 0.041666667 | Q12: 0.041666667 | W12: 合計
A13: 合計 | I13: =TIMEVALUE(TEXT(I11-I10-I12,"h:mm:ss")) -> 0.375 | K13: =TIMEVALUE(TEXT(K11-K10-K12,"h:mm:ss")) -> 0.375 | M13: =TIMEVALUE(TEXT(M11-M10-M12,"h:mm:ss")) -> 0.375 | O13: =TIMEVALUE(TEXT(O11-O10-O12,"h:mm:ss")) -> 0.375 | Q13: =TIMEVALUE(TEXT(Q11-Q10-Q12,"h:mm:ss")) -> 0.375 | S13: =TIMEVALUE(TEXT(S11-S10-S12,"h:mm:ss")) -> 0 | U13: =TIMEVALUE(TEXT(U11-U10-U12,"h:mm:ss")) -> 0 | W13: =CEILING(SUM(I13:V13),"0:5") -> 1.875
A15: 1 | B15: =IF($B16="","",INDEX(PJ!$A:$A,MATCH(B16,PJ!$C:$C,0))) -> 10000 | C15: =IF($B16="","",INDEX(PJ!$B:$B,MATCH(B16, PJ!$C:$C, 0))) -> Yokogawa | D15: =IF(D16="","",INDEX(工種!$A$2:$A$83,MATCH(D16,工種!$B$2:$B$83,0),1)) -> 10102 | G15: 予定
B16: 10000 | C16: =IF($B16="","",INDEX(PJ!$D:$D,MATCH(B16, PJ!$C:$C, 0))) -> Rep Portal | D16: 製造：コーディング | E16: コーディング | G16: 実績 | M16: 0.27083333 | O16: 0.27083333 | Q16: 0.27083333 | W16: =SUM(I16:V16) -> 0
A17: 2 | B17: =IF($B18="","",INDEX(PJ!$A:$A,MATCH(B18,PJ!$C:$C,0))) -> 10000 | C17: =IF($B18="","",INDEX(PJ!$B:$B,MATCH(B18, PJ!$C:$C, 0))) -> Yokogawa | D17: =IF(D18="","",INDEX(工種!$A$2:$A$83,MATCH(D18,工種!$B$2:$B$83,0),1)) -> 30106 | G17: 予定
B18: 10000 | C18: =IF($B18="","",INDEX(PJ!$D:$D,MATCH(B18, PJ!$C:$C, 0))) -> Rep Portal | D18: テスト：結合テスト実施 | E18: 結合テスト実施 | G18: 実績 | M18: 0.083333333 | O18: 0.083333333 | Q18: 0.083333333 | W18: =SUM(I18:V18) -> 0
A19: 3 | B19: =IF($B20="","",INDEX(PJ!$A:$A,MATCH(B20,PJ!$C:$C,0))) -> 10000 | C19: =IF($B20="","",INDEX(PJ!$B:$B,MATCH(B20, PJ!$C:$C, 0))) -> Yokogawa | D19: =IF(D20="","",INDEX(工種!$A$2:$A$83,MATCH(D20,工種!$B$2:$B$83,0),1)) -> 40108 | G19: 予定
C20: =IF($B20="","",INDEX(PJ!$D:$D,MATCH(B20, PJ!$C:$C, 0))) -> Rep Portal | G20: 実績 | W20: =SUM(I20:V20) -> 0
A21: 4 | B21: =IF($B22="","",INDEX(PJ!$A:$A,MATCH(B22,PJ!$C:$C,0))) | C21: =IF($B22="","",INDEX(PJ!$B:$B,MATCH(B22, PJ!$C:$C, 0))) | D21: =IF(D22="","",INDEX(工種!$A$2:$A$83,MATCH(D22,工種!$B$2:$B$83,0),1)) | G21: 予定
C22: =IF($B22="","",INDEX(PJ!$D:$D,MATCH(B22, PJ!$C:$C, 0))) | G22: 実績 | W22: =SUM(I22:V22) -> 0
A23: 5 | B23: =IF($B24="","",INDEX(PJ!$A:$A,MATCH(B24,PJ!$C:$C,0))) | C23: =IF($B24="","",INDEX(PJ!$B:$B,MATCH(B24, PJ!$C:$C, 0))) | D23: =IF(D24="","",INDEX(工種!$A$2:$A$83,MATCH(D24,工種!$B$2:$B$83,0),1)) | G23: 予定
C24: =IF($B24="","",INDEX(PJ!$D:$D,MATCH(B24, PJ!$C:$C, 0))) | G24: 実績 | W24: =SUM(I24:V24) -> 0
A25: 6 | B25: =IF($B26="","",INDEX(PJ!$A:$A,MATCH(B26,PJ!$C:$C,0))) | C25: =IF($B26="","",INDEX(PJ!$B:$B,MATCH(B26, PJ!$C:$C, 0))) | D25: =IF(D26="","",INDEX(工種!$A$2:$A$83,MATCH(D26,工種!$B$2:$B$83,0),1)) | G25: 予定
C26: =IF($B26="","",INDEX(PJ!$D:$D,MATCH(B26, PJ!$C:$C, 0))) | G26: 実績 | W26: =SUM(I26:V26) -> 0
A27: 7 | B27: =IF($B28="","",INDEX(PJ!$A:$A,MATCH(B28,PJ!$C:$C,0))) | C27: =IF($B28="","",INDEX(PJ!$B:$B,MATCH(B28, PJ!$C:$C, 0))) | D27: =IF(D28="","",INDEX(工種!$A$2:$A$83,MATCH(D28,工種!$B$2:$B$83,0),1)) | G27: 予定
C28: =IF($B28="","",INDEX(PJ!$D:$D,MATCH(B28, PJ!$C:$C, 0))) | G28: 実績 | W28: =SUM(I28:V28) -> 0
A29: 8 | B29: =IF($B30="","",INDEX(PJ!$A:$A,MATCH(B30,PJ!$C:$C,0))) | C29: =IF($B30="","",INDEX(PJ!$B:$B,MATCH(B30, PJ!$C:$C, 0))) | D29: =IF(D30="","",INDEX(工種!$A$2:$A$83,MATCH(D30,工種!$B$2:$B$83,0),1)) | G29: 予定
C30: =IF($B30="","",INDEX(PJ!$D:$D,MATCH(B30, PJ!$C:$C, 0))) | G30: 実績 | W30: =SUM(I30:V30) -> 0
A31: 9 | B31: =IF($B32="","",INDEX(PJ!$A:$A,MATCH(B32,PJ!$C:$C,0))) | C31: =IF($B32="","",INDEX(PJ!$B:$B,MATCH(B32, PJ!$C:$C, 0))) | D31: =IF(D32="","",INDEX(工種!$A$2:$A$83,MATCH(D32,工種!$B$2:$B$83,0),1)) | G31: 予定
C32: =IF($B32="","",INDEX(PJ!$D:$D,MATCH(B32, PJ!$C:$C, 0))) | G32: 実績 | W32: =SUM(I32:V32) -> 0
A33: 10 | B33: =IF($B34="","",INDEX(PJ!$A:$A,MATCH(B34,PJ!$C:$C,0))) | C33: =IF($B34="","",INDEX(PJ!$B:$B,MATCH(B34, PJ!$C:$C, 0))) | D33: =IF(D34="","",INDEX(工種!$A$2:$A$83,MATCH(D34,工種!$B$2:$B$83,0),1)) | G33: 予定
C34: =IF($B34="","",INDEX(PJ!$D:$D,MATCH(B34, PJ!$C:$C, 0))) | G34: 実績 | W34: =SUM(I34:V34) -> 0
A35: 11 | B35: =IF($B36="","",INDEX(PJ!$A:$A,MATCH(B36,PJ!$C:$C,0))) | C35: =IF($B36="","",INDEX(PJ!$B:$B,MATCH(B36, PJ!$C:$C, 0))) | D35: =IF(D36="","",INDEX(工種!$A$2:$A$83,MATCH(D36,工種!$B$2:$B$83,0),1)) | G35: 予定
C36: =IF($B36="","",INDEX(PJ!$D:$D,MATCH(B36, PJ!$C:$C, 0))) | G36: 実績 | W36: =SUM(I36:V36) -> 0
A37: 12 | B37: =IF($B38="","",INDEX(PJ!$A:$A,MATCH(B38,PJ!$C:$C,0))) | C37: =IF($B38="","",INDEX(PJ!$B:$B,MATCH(B38, PJ!$C:$C, 0))) | D37: =IF(D38="","",INDEX(工種!$A$2:$A$83,MATCH(D38,工種!$B$2:$B$83,0),1)) | G37: 予定
C38: =IF($B38="","",INDEX(PJ!$D:$D,MATCH(B38, PJ!$C:$C, 0))) | G38: 実績 | W38: =SUM(I38:V38) -> 0
A39: 13 | B39: =IF($B40="","",INDEX(PJ!$A:$A,MATCH(B40,PJ!$C:$C,0))) | C39: =IF($B40="","",INDEX(PJ!$B:$B,MATCH(B40, PJ!$C:$C, 0))) | D39: =IF(D40="","",INDEX(工種!$A$2:$A$83,MATCH(D40,工種!$B$2:$B$83,0),1)) | G39: 予定
C40: =IF($B40="","",INDEX(PJ!$D:$D,MATCH(B40, PJ!$C:$C, 0))) | G40: 実績 | W40: =SUM(I40:V40) -> 0
A41: 14 | B41: =IF($B42="","",INDEX(PJ!$A:$A,MATCH(B42,PJ!$C:$C,0))) | C41: =IF($B42="","",INDEX(PJ!$B:$B,MATCH(B42, PJ!$C:$C, 0))) | D41: =IF(D42="","",INDEX(工種!$A$2:$A$83,MATCH(D42,工種!$B$2:$B$83,0),1)) | G41: 予定
C42: =IF($B42="","",INDEX(PJ!$D:$D,MATCH(B42, PJ!$C:$C, 0))) | G42: 実績 | W42: =SUM(I42:V42) -> 0
A43: 15 | B43: =IF($B44="","",INDEX(PJ!$A:$A,MATCH(B44,PJ!$C:$C,0))) | C43: =IF($B44="","",INDEX(PJ!$B:$B,MATCH(B44, PJ!$C:$C, 0))) | D43: =IF(D44="","",INDEX(工種!$A$2:$A$83,MATCH(D44,工種!$B$2:$B$83,0),1)) | G43: 予定
C44: =IF($B44="","",INDEX(PJ!$D:$D,MATCH(B44, PJ!$C:$C, 0))) | G44: 実績 | W44: =SUM(I44:V44) -> 0
A45: 16 | B45: =IF($B46="","",INDEX(PJ!$A:$A,MATCH(B46,PJ!$C:$C,0))) | C45: =IF($B46="","",INDEX(PJ!$B:$B,MATCH(B46, PJ!$C:$C, 0))) | D45: =IF(D46="","",INDEX(工種!$A$2:$A$83,MATCH(D46,工種!$B$2:$B$83,0),1)) | G45: 予定
C46: =IF($B46="","",INDEX(PJ!$D:$D,MATCH(B46, PJ!$C:$C, 0))) | G46: 実績 | W46: =SUM(I46:V46) -> 0
A47: 17 | B47: =IF($B48="","",INDEX(PJ!$A:$A,MATCH(B48,PJ!$C:$C,0))) | C47: =IF($B48="","",INDEX(PJ!$B:$B,MATCH(B48, PJ!$C:$C, 0))) | D47: =IF(D48="","",INDEX(工種!$A$2:$A$83,MATCH(D48,工種!$B$2:$B$83,0),1)) | G47: 予定
C48: =IF($B48="","",INDEX(PJ!$D:$D,MATCH(B48, PJ!$C:$C, 0))) | G48: 実績 | W48: =SUM(I48:V48) -> 0
A49: 18 | B49: =IF($B50="","",INDEX(PJ!$A:$A,MATCH(B50,PJ!$C:$C,0))) | C49: =IF($B50="","",INDEX(PJ!$B:$B,MATCH(B50, PJ!$C:$C, 0))) | D49: =IF(D50="","",INDEX(工種!$A$2:$A$83,MATCH(D50,工種!$B$2:$B$83,0),1)) | G49: 予定
C50: =IF($B50="","",INDEX(PJ!$D:$D,MATCH(B50, PJ!$C:$C, 0))) | G50: 実績 | W50: =SUM(I50:V50) -> 0
A51: 19 | B51: =IF($B52="","",INDEX(PJ!$A:$A,MATCH(B52,PJ!$C:$C,0))) | C51: =IF($B52="","",INDEX(PJ!$B:$B,MATCH(B52, PJ!$C:$C, 0))) | D51: =IF(D52="","",INDEX(工種!$A$2:$A$83,MATCH(D52,工種!$B$2:$B$83,0),1)) | G51: 予定
C52: =IF($B52="","",INDEX(PJ!$D:$D,MATCH(B52, PJ!$C:$C, 0))) | G52: 実績 | W52: =SUM(I52:V52) -> 0
A53: 20 | B53: =IF($B54="","",INDEX(PJ!$A:$A,MATCH(B54,PJ!$C:$C,0))) | C53: =IF($B54="","",INDEX(PJ!$B:$B,MATCH(B54, PJ!$C:$C, 0))) | D53: =IF(D54="","",INDEX(工種!$A$2:$A$83,MATCH(D54,工種!$B$2:$B$83,0),1)) | G53: 予定
C54: =IF($B54="","",INDEX(PJ!$D:$D,MATCH(B54, PJ!$C:$C, 0))) | G54: 実績 | W54: =SUM(I54:V54) -> 0
E57: 合計 | I57: =SUM(I16:J54) -> 0 | K57: =SUM(K16:L54) -> 0 | M57: =SUM(M16:N54) -> 0 | O57: =SUM(O16:P54) -> 0 | Q57: =SUM(Q16:R54) -> 0 | S57: =SUM(S16:T54) -> 0 | U57: =SUM(U16:V54) -> 0 | W57: =CEILING(SUM(W16:X54),"0:5") -> 0
E58: 勤務欄 （記入例：全休、午前休、午後休、遅刻xx分、早退xx分など）
A61: 内部問題 | I61: 対策
A68: 外部問題
A75: その他
B81: ・週間進捗状況報告書は、週次ミーティング時（または管理者の指示に従って）に、実績を記入したものと翌週の予定を記載したものを提出する。
B82: ・入力する欄はセルの白部分のみになります。色のついた部分は入力しないように願います。
B83: ・ファイルは一ヶ月単位で管理し、1週間で１シートとする。
B84: ・入力されたファイルは管理者が管理し、指定された場所に保管する。
B85: ・開発業務管理室への提出は、実績が記入されたものを出力し、押印して提出すること。（翌週の火曜日まで）
S86: PJ20-1-2022-0624

Sheet 2週
A1: 週間進捗状況報告書
T2: 管理者 | W2: 本人
B3: ='1週'!B3 -> 2026 | C3: ='1週'!C3 -> 7
C4: =IF('1週'!C3="","",IF('1週'!C4=1,2,1)) -> 2
B6: 会社名 | C6: ='1週'!C6 -> FPTジャパン
B7: 氏名 | C7: ='1週'!C7 -> LE NHUT THIEN
I8: 月 | K8: 火 | M8: 水 | O8: 木 | Q8: 金 | S8: 土 | U8: 日
I9: ='1週'!U9+1 -> 6 | K9: =I9+1 -> 7 | M9: =K9+1 -> 8 | O9: =M9+1 -> 9 | Q9: =O9+1 -> 10 | S9: =Q9+1 -> 11 | U9: =S9+1 -> 12
A10: No | B10: システムコード | C10: システム名 | D10: 工種コード | E10: 主な作業内容（予定） | F10: 予定 | G10: 始業 | I10: 0.375 | K10: 0.375 | M10: 0.375 | O10: 0.375 | Q10: 0.375 | W10: 累計
B11: プロジェクトコード | C11: プロジェクト名 | D11: 工種 | F11: 達成度 | G11: 終業 | I11: 0.77083333 | K11: 0.77083333 | M11: 0.77083333 | O11: 0.77083333 | Q11: 0.54166667 | W11: ='1週'!W11+W13 -> 3.75
F12: 休憩・外出時間 | I12: 0.041666667 | K12: 0.041666667 | M12: 0.041666667 | O12: 0.041666667 | Q12: 0.041666667 | W12: 合計
A13: 合計 | I13: =TIMEVALUE(TEXT(I11-I10-I12,"h:mm:ss")) -> 0.375 | K13: =TIMEVALUE(TEXT(K11-K10-K12,"h:mm:ss")) -> 0.375 | M13: =TIMEVALUE(TEXT(M11-M10-M12,"h:mm:ss")) -> 0.375 | O13: =TIMEVALUE(TEXT(O11-O10-O12,"h:mm:ss")) -> 0.375 | Q13: =TIMEVALUE(TEXT(Q11-Q10-Q12,"h:mm:ss")) -> 0.375 | S13: =TIMEVALUE(TEXT(S11-S10-S12,"h:mm:ss")) -> 0 | U13: =TIMEVALUE(TEXT(U11-U10-U12,"h:mm:ss")) -> 0 | W13: =CEILING(SUM(I13:V13),"0:5") -> 1.875
A15: 1 | B15: =IF($B16="","",INDEX(PJ!$A:$A,MATCH(B16,PJ!$C:$C,0))) -> 10000 | C15: =IF($B16="","",INDEX(PJ!$B:$B,MATCH(B16, PJ!$C:$C, 0))) -> Yokogawa | D15: =IF(D16="","",INDEX(工種!$A$2:$A$83,MATCH(D16,工種!$B$2:$B$83,0),1)) -> 10102 | G15: 予定
B16: 10000 | C16: =IF($B16="","",INDEX(PJ!$D:$D,MATCH(B16, PJ!$C:$C, 0))) -> Rep Portal | D16: 製造：コーディング | E16: コーディング | G16: 実績 | I16: 0.27083333 | K16: 0.27083333 | M16: 0.27083333 | O16: 0.27083333 | Q16: 0.125 | W16: =SUM(I16:V16) -> 1.0416667
A17: 2 | B17: =IF($B18="","",INDEX(PJ!$A:$A,MATCH(B18,PJ!$C:$C,0))) -> 10000 | C17: =IF($B18="","",INDEX(PJ!$B:$B,MATCH(B18, PJ!$C:$C, 0))) -> Yokogawa | D17: =IF(D18="","",INDEX(工種!$A$2:$A$83,MATCH(D18,工種!$B$2:$B$83,0),1)) -> 30106 | G17: 予定
B18: 10000 | C18: =IF($B18="","",INDEX(PJ!$D:$D,MATCH(B18, PJ!$C:$C, 0))) -> Rep Portal | D18: テスト：結合テスト実施 | E18: 結合テスト実施 | G18: 実績 | I18: 0.083333333 | K18: 0.083333333 | M18: 0.083333333 | O18: 0.083333333 | W18: =SUM(I18:V18) -> 0.625
A19: 3 | B19: =IF($B20="","",INDEX(PJ!$A:$A,MATCH(B20,PJ!$C:$C,0))) -> 10000 | C19: =IF($B20="","",INDEX(PJ!$B:$B,MATCH(B20, PJ!$C:$C, 0))) -> Yokogawa | D19: =IF(D20="","",INDEX(工種!$A$2:$A$83,MATCH(D20,工種!$B$2:$B$83,0),1)) -> 40108 | G19: 予定
C20: =IF($B20="","",INDEX(PJ!$D:$D,MATCH(B20, PJ!$C:$C, 0))) -> Rep Portal | G20: 実績 | W20: =SUM(I20:V20) -> 0.52083333
A21: 4 | G21: 予定
G22: 実績 | W22: =SUM(I22:V22) -> 0
A23: 5 | B23: =IF($B24="","",INDEX(PJ!$A:$A,MATCH(B24,PJ!$C:$C,0))) | C23: =IF($B24="","",INDEX(PJ!$B:$B,MATCH(B24, PJ!$C:$C, 0))) | D23: =IF(D24="","",INDEX(工種!$A$2:$A$83,MATCH(D24,工種!$B$2:$B$83,0),1)) | G23: 予定
C24: =IF($B24="","",INDEX(PJ!$D:$D,MATCH(B24, PJ!$C:$C, 0))) | G24: 実績 | W24: =SUM(I24:V24) -> 0
A25: 6 | B25: =IF($B26="","",INDEX(PJ!$A:$A,MATCH(B26,PJ!$C:$C,0))) | C25: =IF($B26="","",INDEX(PJ!$B:$B,MATCH(B26, PJ!$C:$C, 0))) | D25: =IF(D26="","",INDEX(工種!$A$2:$A$83,MATCH(D26,工種!$B$2:$B$83,0),1)) | G25: 予定
C26: =IF($B26="","",INDEX(PJ!$D:$D,MATCH(B26, PJ!$C:$C, 0))) | G26: 実績 | W26: =SUM(I26:V26) -> 0
A27: 7 | B27: =IF($B28="","",INDEX(PJ!$A:$A,MATCH(B28,PJ!$C:$C,0))) | C27: =IF($B28="","",INDEX(PJ!$B:$B,MATCH(B28, PJ!$C:$C, 0))) | D27: =IF(D28="","",INDEX(工種!$A$2:$A$83,MATCH(D28,工種!$B$2:$B$83,0),1)) | G27: 予定
C28: =IF($B28="","",INDEX(PJ!$D:$D,MATCH(B28, PJ!$C:$C, 0))) | G28: 実績 | W28: =SUM(I28:V28) -> 0
A29: 8 | B29: =IF($B30="","",INDEX(PJ!$A:$A,MATCH(B30,PJ!$C:$C,0))) | C29: =IF($B30="","",INDEX(PJ!$B:$B,MATCH(B30, PJ!$C:$C, 0))) | D29: =IF(D30="","",INDEX(工種!$A$2:$A$83,MATCH(D30,工種!$B$2:$B$83,0),1)) | G29: 予定
C30: =IF($B30="","",INDEX(PJ!$D:$D,MATCH(B30, PJ!$C:$C, 0))) | G30: 実績 | W30: =SUM(I30:V30) -> 0
A31: 9 | B31: =IF($B32="","",INDEX(PJ!$A:$A,MATCH(B32,PJ!$C:$C,0))) | C31: =IF($B32="","",INDEX(PJ!$B:$B,MATCH(B32, PJ!$C:$C, 0))) | D31: =IF(D32="","",INDEX(工種!$A$2:$A$83,MATCH(D32,工種!$B$2:$B$83,0),1)) | G31: 予定
C32: =IF($B32="","",INDEX(PJ!$D:$D,MATCH(B32, PJ!$C:$C, 0))) | G32: 実績 | W32: =SUM(I32:V32) -> 0
A33: 10 | B33: =IF($B34="","",INDEX(PJ!$A:$A,MATCH(B34,PJ!$C:$C,0))) | C33: =IF($B34="","",INDEX(PJ!$B:$B,MATCH(B34, PJ!$C:$C, 0))) | D33: =IF(D34="","",INDEX(工種!$A$2:$A$83,MATCH(D34,工種!$B$2:$B$83,0),1)) | G33: 予定
C34: =IF($B34="","",INDEX(PJ!$D:$D,MATCH(B34, PJ!$C:$C, 0))) | G34: 実績 | W34: =SUM(I34:V34) -> 0
A35: 11 | B35: =IF($B36="","",INDEX(PJ!$A:$A,MATCH(B36,PJ!$C:$C,0))) | C35: =IF($B36="","",INDEX(PJ!$B:$B,MATCH(B36, PJ!$C:$C, 0))) | D35: =IF(D36="","",INDEX(工種!$A$2:$A$83,MATCH(D36,工種!$B$2:$B$83,0),1)) | G35: 予定
C36: =IF($B36="","",INDEX(PJ!$D:$D,MATCH(B36, PJ!$C:$C, 0))) | G36: 実績 | W36: =SUM(I36:V36) -> 0
A37: 12 | B37: =IF($B38="","",INDEX(PJ!$A:$A,MATCH(B38,PJ!$C:$C,0))) | C37: =IF($B38="","",INDEX(PJ!$B:$B,MATCH(B38, PJ!$C:$C, 0))) | D37: =IF(D38="","",INDEX(工種!$A$2:$A$83,MATCH(D38,工種!$B$2:$B$83,0),1)) | G37: 予定
C38: =IF($B38="","",INDEX(PJ!$D:$D,MATCH(B38, PJ!$C:$C, 0))) | G38: 実績 | W38: =SUM(I38:V38) -> 0
A39: 13 | B39: =IF($B40="","",INDEX(PJ!$A:$A,MATCH(B40,PJ!$C:$C,0))) | C39: =IF($B40="","",INDEX(PJ!$B:$B,MATCH(B40, PJ!$C:$C, 0))) | D39: =IF(D40="","",INDEX(工種!$A$2:$A$83,MATCH(D40,工種!$B$2:$B$83,0),1)) | G39: 予定
C40: =IF($B40="","",INDEX(PJ!$D:$D,MATCH(B40, PJ!$C:$C, 0))) | G40: 実績 | W40: =SUM(I40:V40) -> 0
A41: 14 | B41: =IF($B42="","",INDEX(PJ!$A:$A,MATCH(B42,PJ!$C:$C,0))) | C41: =IF($B42="","",INDEX(PJ!$B:$B,MATCH(B42, PJ!$C:$C, 0))) | D41: =IF(D42="","",INDEX(工種!$A$2:$A$83,MATCH(D42,工種!$B$2:$B$83,0),1)) | G41: 予定
C42: =IF($B42="","",INDEX(PJ!$D:$D,MATCH(B42, PJ!$C:$C, 0))) | G42: 実績 | W42: =SUM(I42:V42) -> 0
A43: 15 | B43: =IF($B44="","",INDEX(PJ!$A:$A,MATCH(B44,PJ!$C:$C,0))) | C43: =IF($B44="","",INDEX(PJ!$B:$B,MATCH(B44, PJ!$C:$C, 0))) | D43: =IF(D44="","",INDEX(工種!$A$2:$A$83,MATCH(D44,工種!$B$2:$B$83,0),1)) | G43: 予定
C44: =IF($B44="","",INDEX(PJ!$D:$D,MATCH(B44, PJ!$C:$C, 0))) | G44: 実績 | W44: =SUM(I44:V44) -> 0
A45: 16 | B45: =IF($B46="","",INDEX(PJ!$A:$A,MATCH(B46,PJ!$C:$C,0))) | C45: =IF($B46="","",INDEX(PJ!$B:$B,MATCH(B46, PJ!$C:$C, 0))) | D45: =IF(D46="","",INDEX(工種!$A$2:$A$83,MATCH(D46,工種!$B$2:$B$83,0),1)) | G45: 予定
C46: =IF($B46="","",INDEX(PJ!$D:$D,MATCH(B46, PJ!$C:$C, 0))) | G46: 実績 | W46: =SUM(I46:V46) -> 0
A47: 17 | B47: =IF($B48="","",INDEX(PJ!$A:$A,MATCH(B48,PJ!$C:$C,0))) | C47: =IF($B48="","",INDEX(PJ!$B:$B,MATCH(B48, PJ!$C:$C, 0))) | D47: =IF(D48="","",INDEX(工種!$A$2:$A$83,MATCH(D48,工種!$B$2:$B$83,0),1)) | G47: 予定
C48: =IF($B48="","",INDEX(PJ!$D:$D,MATCH(B48, PJ!$C:$C, 0))) | G48: 実績 | W48: =SUM(I48:V48) -> 0
A49: 18 | B49: =IF($B50="","",INDEX(PJ!$A:$A,MATCH(B50,PJ!$C:$C,0))) | C49: =IF($B50="","",INDEX(PJ!$B:$B,MATCH(B50, PJ!$C:$C, 0))) | D49: =IF(D50="","",INDEX(工種!$A$2:$A$83,MATCH(D50,工種!$B$2:$B$83,0),1)) | G49: 予定
C50: =IF($B50="","",INDEX(PJ!$D:$D,MATCH(B50, PJ!$C:$C, 0))) | G50: 実績 | W50: =SUM(I50:V50) -> 0
A51: 19 | B51: =IF($B52="","",INDEX(PJ!$A:$A,MATCH(B52,PJ!$C:$C,0))) | C51: =IF($B52="","",INDEX(PJ!$B:$B,MATCH(B52, PJ!$C:$C, 0))) | D51: =IF(D52="","",INDEX(工種!$A$2:$A$83,MATCH(D52,工種!$B$2:$B$83,0),1)) | G51: 予定
C52: =IF($B52="","",INDEX(PJ!$D:$D,MATCH(B52, PJ!$C:$C, 0))) | G52: 実績 | W52: =SUM(I52:V52) -> 0
A53: 20 | B53: =IF($B54="","",INDEX(PJ!$A:$A,MATCH(B54,PJ!$C:$C,0))) | C53: =IF($B54="","",INDEX(PJ!$B:$B,MATCH(B54, PJ!$C:$C, 0))) | D53: =IF(D54="","",INDEX(工種!$A$2:$A$83,MATCH(D54,工種!$B$2:$B$83,0),1)) | G53: 予定
C54: =IF($B54="","",INDEX(PJ!$D:$D,MATCH(B54, PJ!$C:$C, 0))) | G54: 実績 | W54: =SUM(I54:V54) -> 0
E57: 合計 | I57: =SUM(I16:J54) -> 0.66666667 | K57: =SUM(K16:L54) -> 0.66666667 | M57: =SUM(M16:N54) -> 0.66666667 | O57: =SUM(O16:P54) -> 0.66666667 | Q57: =SUM(Q16:R54) -> 0.66666667 | S57: =SUM(S16:T54) -> 0 | U57: =SUM(U16:V54) -> 0 | W57: =CEILING(SUM(W16:X54),"0:5") -> 2.1875
E58: 勤務欄 （記入例：全休、午前休、午後休、遅刻xx分、早退xx分など） | Q58: 午後休
A61: 内部問題 | I61: 対策
A68: 外部問題
A75: その他
B81: ・週間進捗状況報告書は、週次ミーティング時（または管理者の指示に従って）に、実績を記入したものと翌週の予定を記載したものを提出する。
B82: ・入力する欄はセルの白部分のみになります。色のついた部分は入力しないように願います。
B83: ・ファイルは一ヶ月単位で管理し、1週間で１シートとする。
B84: ・入力されたファイルは管理者が管理し、指定された場所に保管する。
B85: ・開発業務管理室への提出は、実績が記入されたものを出力し、押印して提出すること。（翌週の火曜日まで）
S86: ='1週'!S86 -> PJ20-1-2022-0624

Sheet 3週
A1: 週間進捗状況報告書
T2: 管理者 | W2: 本人
B3: ='1週'!B3 -> 2026 | C3: ='1週'!C3 -> 7
C4: =IF('1週'!C3="","",IF('1週'!C4=1,3,2)) -> 3
B6: 会社名 | C6: ='1週'!C6 -> FPTジャパン
B7: 氏名 | C7: ='1週'!C7 -> LE NHUT THIEN
I8: 月 | K8: 火 | M8: 水 | O8: 木 | Q8: 金 | S8: 土 | U8: 日
I9: ='2週'!U9+1 -> 13 | K9: =I9+1 -> 14 | M9: =K9+1 -> 15 | O9: =M9+1 -> 16 | Q9: =O9+1 -> 17 | S9: =Q9+1 -> 18 | U9: =S9+1 -> 19
A10: No | B10: システムコード | C10: システム名 | D10: 工種コード | E10: 主な作業内容（予定） | F10: 予定 | G10: 始業 | I10: 0.375 | K10: 0.375 | M10: 0.375 | O10: 0.375 | Q10: 0.375 | W10: 累計
B11: プロジェクトコード | C11: プロジェクト名 | D11: 工種 | F11: 達成度 | G11: 終業 | I11: 0.77083333 | K11: 0.77083333 | M11: 0.77083333 | O11: 0.77083333 | Q11: 0.77083333 | W11: ='2週'!W11+W13 -> 5.625
F12: 休憩・外出時間 | I12: 0.041666667 | K12: 0.041666667 | M12: 0.041666667 | O12: 0.041666667 | Q12: 0.041666667 | W12: 合計
A13: 合計 | I13: =TIMEVALUE(TEXT(I11-I10-I12,"h:mm:ss")) -> 0.375 | K13: =TIMEVALUE(TEXT(K11-K10-K12,"h:mm:ss")) -> 0.375 | M13: =TIMEVALUE(TEXT(M11-M10-M12,"h:mm:ss")) -> 0.375 | O13: =TIMEVALUE(TEXT(O11-O10-O12,"h:mm:ss")) -> 0.375 | Q13: =TIMEVALUE(TEXT(Q11-Q10-Q12,"h:mm:ss")) -> 0.375 | S13: =TIMEVALUE(TEXT(S11-S10-S12,"h:mm:ss")) -> 0 | U13: =TIMEVALUE(TEXT(U11-U10-U12,"h:mm:ss")) -> 0 | W13: =CEILING(SUM(I13:V13),"0:5") -> 1.875
A15: 1 | B15: =IF($B16="","",INDEX(PJ!$A:$A,MATCH(B16,PJ!$C:$C,0))) -> 10000 | C15: =IF($B16="","",INDEX(PJ!$B:$B,MATCH(B16, PJ!$C:$C, 0))) -> Yokogawa | D15: =IF(D16="","",INDEX(工種!$A$2:$A$83,MATCH(D16,工種!$B$2:$B$83,0),1)) -> 10102 | G15: 予定
B16: 10000 | C16: =IF($B16="","",INDEX(PJ!$D:$D,MATCH(B16, PJ!$C:$C, 0))) -> Rep Portal | D16: 製造：コーディング | E16: コーディング | G16: 実績 | I16: 0.27083333 | K16: 0.27083333 | M16: 0.22916667 | O16: 0.27083333 | Q16: 0.27083333 | W16: =SUM(I16:V16) -> 1.0416667
A17: 2 | B17: =IF($B18="","",INDEX(PJ!$A:$A,MATCH(B18,PJ!$C:$C,0))) -> 10000 | C17: =IF($B18="","",INDEX(PJ!$B:$B,MATCH(B18, PJ!$C:$C, 0))) -> Yokogawa | D17: =IF(D18="","",INDEX(工種!$A$2:$A$83,MATCH(D18,工種!$B$2:$B$83,0),1)) -> 30106 | G17: 予定
B18: 10000 | C18: =IF($B18="","",INDEX(PJ!$D:$D,MATCH(B18, PJ!$C:$C, 0))) -> Rep Portal | D18: テスト：結合テスト実施 | E18: 結合テスト実施 | G18: 実績 | I18: 0.083333333 | K18: 0.083333333 | M18: 0.083333333 | O18: 0.083333333 | Q18: 0.083333333 | W18: =SUM(I18:V18) -> 0.625
A19: 3 | B19: =IF($B20="","",INDEX(PJ!$A:$A,MATCH(B20,PJ!$C:$C,0))) -> 10000 | C19: =IF($B20="","",INDEX(PJ!$B:$B,MATCH(B20, PJ!$C:$C, 0))) -> Yokogawa | D19: =IF(D20="","",INDEX(工種!$A$2:$A$83,MATCH(D20,工種!$B$2:$B$83,0),1)) -> 40108 | G19: 予定
B20: 10000 | C20: =IF($B20="","",INDEX(PJ!$D:$D,MATCH(B20, PJ!$C:$C, 0))) -> Rep Portal | D20: 管理業務：打合せ | E20: 打合せ | G20: 実績 | M20: 0.041666667 | W20: =SUM(I20:V20) -> 0.52083333
A21: 4 | B21: =IF($B22="","",INDEX(PJ!$A:$A,MATCH(B22,PJ!$C:$C,0))) | C21: =IF($B22="","",INDEX(PJ!$B:$B,MATCH(B22, PJ!$C:$C, 0))) | D21: =IF(D22="","",INDEX(工種!$A$2:$A$83,MATCH(D22,工種!$B$2:$B$83,0),1)) | G21: 予定
C22: =IF($B22="","",INDEX(PJ!$D:$D,MATCH(B22, PJ!$C:$C, 0))) | G22: 実績 | W22: =SUM(I22:V22) -> 0
A23: 5 | B23: =IF($B24="","",INDEX(PJ!$A:$A,MATCH(B24,PJ!$C:$C,0))) | C23: =IF($B24="","",INDEX(PJ!$B:$B,MATCH(B24, PJ!$C:$C, 0))) | D23: =IF(D24="","",INDEX(工種!$A$2:$A$83,MATCH(D24,工種!$B$2:$B$83,0),1)) | G23: 予定
C24: =IF($B24="","",INDEX(PJ!$D:$D,MATCH(B24, PJ!$C:$C, 0))) | G24: 実績 | W24: =SUM(I24:V24) -> 0
A25: 6 | B25: =IF($B26="","",INDEX(PJ!$A:$A,MATCH(B26,PJ!$C:$C,0))) | C25: =IF($B26="","",INDEX(PJ!$B:$B,MATCH(B26, PJ!$C:$C, 0))) | D25: =IF(D26="","",INDEX(工種!$A$2:$A$83,MATCH(D26,工種!$B$2:$B$83,0),1)) | G25: 予定
C26: =IF($B26="","",INDEX(PJ!$D:$D,MATCH(B26, PJ!$C:$C, 0))) | G26: 実績 | W26: =SUM(I26:V26) -> 0
A27: 7 | B27: =IF($B28="","",INDEX(PJ!$A:$A,MATCH(B28,PJ!$C:$C,0))) | C27: =IF($B28="","",INDEX(PJ!$B:$B,MATCH(B28, PJ!$C:$C, 0))) | D27: =IF(D28="","",INDEX(工種!$A$2:$A$83,MATCH(D28,工種!$B$2:$B$83,0),1)) | G27: 予定
C28: =IF($B28="","",INDEX(PJ!$D:$D,MATCH(B28, PJ!$C:$C, 0))) | G28: 実績 | W28: =SUM(I28:V28) -> 0
A29: 8 | B29: =IF($B30="","",INDEX(PJ!$A:$A,MATCH(B30,PJ!$C:$C,0))) | C29: =IF($B30="","",INDEX(PJ!$B:$B,MATCH(B30, PJ!$C:$C, 0))) | D29: =IF(D30="","",INDEX(工種!$A$2:$A$83,MATCH(D30,工種!$B$2:$B$83,0),1)) | G29: 予定
C30: =IF($B30="","",INDEX(PJ!$D:$D,MATCH(B30, PJ!$C:$C, 0))) | G30: 実績 | W30: =SUM(I30:V30) -> 0
A31: 9 | B31: =IF($B32="","",INDEX(PJ!$A:$A,MATCH(B32,PJ!$C:$C,0))) | C31: =IF($B32="","",INDEX(PJ!$B:$B,MATCH(B32, PJ!$C:$C, 0))) | D31: =IF(D32="","",INDEX(工種!$A$2:$A$83,MATCH(D32,工種!$B$2:$B$83,0),1)) | G31: 予定
C32: =IF($B32="","",INDEX(PJ!$D:$D,MATCH(B32, PJ!$C:$C, 0))) | G32: 実績 | W32: =SUM(I32:V32) -> 0
A33: 10 | B33: =IF($B34="","",INDEX(PJ!$A:$A,MATCH(B34,PJ!$C:$C,0))) | C33: =IF($B34="","",INDEX(PJ!$B:$B,MATCH(B34, PJ!$C:$C, 0))) | D33: =IF(D34="","",INDEX(工種!$A$2:$A$83,MATCH(D34,工種!$B$2:$B$83,0),1)) | G33: 予定
C34: =IF($B34="","",INDEX(PJ!$D:$D,MATCH(B34, PJ!$C:$C, 0))) | G34: 実績 | W34: =SUM(I34:V34) -> 0
A35: 11 | B35: =IF($B36="","",INDEX(PJ!$A:$A,MATCH(B36,PJ!$C:$C,0))) | C35: =IF($B36="","",INDEX(PJ!$B:$B,MATCH(B36, PJ!$C:$C, 0))) | D35: =IF(D36="","",INDEX(工種!$A$2:$A$83,MATCH(D36,工種!$B$2:$B$83,0),1)) | G35: 予定
C36: =IF($B36="","",INDEX(PJ!$D:$D,MATCH(B36, PJ!$C:$C, 0))) | G36: 実績 | W36: =SUM(I36:V36) -> 0
A37: 12 | B37: =IF($B38="","",INDEX(PJ!$A:$A,MATCH(B38,PJ!$C:$C,0))) | C37: =IF($B38="","",INDEX(PJ!$B:$B,MATCH(B38, PJ!$C:$C, 0))) | D37: =IF(D38="","",INDEX(工種!$A$2:$A$83,MATCH(D38,工種!$B$2:$B$83,0),1)) | G37: 予定
C38: =IF($B38="","",INDEX(PJ!$D:$D,MATCH(B38, PJ!$C:$C, 0))) | G38: 実績 | W38: =SUM(I38:V38) -> 0
A39: 13 | B39: =IF($B40="","",INDEX(PJ!$A:$A,MATCH(B40,PJ!$C:$C,0))) | C39: =IF($B40="","",INDEX(PJ!$B:$B,MATCH(B40, PJ!$C:$C, 0))) | D39: =IF(D40="","",INDEX(工種!$A$2:$A$83,MATCH(D40,工種!$B$2:$B$83,0),1)) | G39: 予定
C40: =IF($B40="","",INDEX(PJ!$D:$D,MATCH(B40, PJ!$C:$C, 0))) | G40: 実績 | W40: =SUM(I40:V40) -> 0
A41: 14 | B41: =IF($B42="","",INDEX(PJ!$A:$A,MATCH(B42,PJ!$C:$C,0))) | C41: =IF($B42="","",INDEX(PJ!$B:$B,MATCH(B42, PJ!$C:$C, 0))) | D41: =IF(D42="","",INDEX(工種!$A$2:$A$83,MATCH(D42,工種!$B$2:$B$83,0),1)) | G41: 予定
C42: =IF($B42="","",INDEX(PJ!$D:$D,MATCH(B42, PJ!$C:$C, 0))) | G42: 実績 | W42: =SUM(I42:V42) -> 0
A43: 15 | B43: =IF($B44="","",INDEX(PJ!$A:$A,MATCH(B44,PJ!$C:$C,0))) | C43: =IF($B44="","",INDEX(PJ!$B:$B,MATCH(B44, PJ!$C:$C, 0))) | D43: =IF(D44="","",INDEX(工種!$A$2:$A$83,MATCH(D44,工種!$B$2:$B$83,0),1)) | G43: 予定
C44: =IF($B44="","",INDEX(PJ!$D:$D,MATCH(B44, PJ!$C:$C, 0))) | G44: 実績 | W44: =SUM(I44:V44) -> 0
A45: 16 | B45: =IF($B46="","",INDEX(PJ!$A:$A,MATCH(B46,PJ!$C:$C,0))) | C45: =IF($B46="","",INDEX(PJ!$B:$B,MATCH(B46, PJ!$C:$C, 0))) | D45: =IF(D46="","",INDEX(工種!$A$2:$A$83,MATCH(D46,工種!$B$2:$B$83,0),1)) | G45: 予定
C46: =IF($B46="","",INDEX(PJ!$D:$D,MATCH(B46, PJ!$C:$C, 0))) | G46: 実績 | W46: =SUM(I46:V46) -> 0
A47: 17 | B47: =IF($B48="","",INDEX(PJ!$A:$A,MATCH(B48,PJ!$C:$C,0))) | C47: =IF($B48="","",INDEX(PJ!$B:$B,MATCH(B48, PJ!$C:$C, 0))) | D47: =IF(D48="","",INDEX(工種!$A$2:$A$83,MATCH(D48,工種!$B$2:$B$83,0),1)) | G47: 予定
C48: =IF($B48="","",INDEX(PJ!$D:$D,MATCH(B48, PJ!$C:$C, 0))) | G48: 実績 | W48: =SUM(I48:V48) -> 0
A49: 18 | B49: =IF($B50="","",INDEX(PJ!$A:$A,MATCH(B50,PJ!$C:$C,0))) | C49: =IF($B50="","",INDEX(PJ!$B:$B,MATCH(B50, PJ!$C:$C, 0))) | D49: =IF(D50="","",INDEX(工種!$A$2:$A$83,MATCH(D50,工種!$B$2:$B$83,0),1)) | G49: 予定
C50: =IF($B50="","",INDEX(PJ!$D:$D,MATCH(B50, PJ!$C:$C, 0))) | G50: 実績 | W50: =SUM(I50:V50) -> 0
A51: 19 | B51: =IF($B52="","",INDEX(PJ!$A:$A,MATCH(B52,PJ!$C:$C,0))) | C51: =IF($B52="","",INDEX(PJ!$B:$B,MATCH(B52, PJ!$C:$C, 0))) | D51: =IF(D52="","",INDEX(工種!$A$2:$A$83,MATCH(D52,工種!$B$2:$B$83,0),1)) | G51: 予定
C52: =IF($B52="","",INDEX(PJ!$D:$D,MATCH(B52, PJ!$C:$C, 0))) | G52: 実績 | W52: =SUM(I52:V52) -> 0
A53: 20 | B53: =IF($B54="","",INDEX(PJ!$A:$A,MATCH(B54,PJ!$C:$C,0))) | C53: =IF($B54="","",INDEX(PJ!$B:$B,MATCH(B54, PJ!$C:$C, 0))) | D53: =IF(D54="","",INDEX(工種!$A$2:$A$83,MATCH(D54,工種!$B$2:$B$83,0),1)) | G53: 予定
C54: =IF($B54="","",INDEX(PJ!$D:$D,MATCH(B54, PJ!$C:$C, 0))) | G54: 実績 | W54: =SUM(I54:V54) -> 0
E57: 合計 | I57: =SUM(I16:J54) -> 0.66666667 | K57: =SUM(K16:L54) -> 0.66666667 | M57: =SUM(M16:N54) -> 0.66666667 | O57: =SUM(O16:P54) -> 0.66666667 | Q57: =SUM(Q16:R54) -> 0.66666667 | S57: =SUM(S16:T54) -> 0 | U57: =SUM(U16:V54) -> 0 | W57: =CEILING(SUM(W16:X54),"0:5") -> 2.1875
E58: 勤務欄 （記入例：全休、午前休、午後休、遅刻xx分、早退xx分など）
A61: 内部問題 | I61: 対策
A68: 外部問題
A75: その他
B81: ・週間進捗状況報告書は、週次ミーティング時（または管理者の指示に従って）に、実績を記入したものと翌週の予定を記載したものを提出する。
B82: ・入力する欄はセルの白部分のみになります。色のついた部分は入力しないように願います。
B83: ・ファイルは一ヶ月単位で管理し、1週間で１シートとする。
B84: ・入力されたファイルは管理者が管理し、指定された場所に保管する。
B85: ・開発業務管理室への提出は、実績が記入されたものを出力し、押印して提出すること。（翌週の火曜日まで）
S86: ='1週'!S86 -> PJ20-1-2022-0624

Sheet 4週
A1: 週間進捗状況報告書
T2: 管理者 | W2: 本人
B3: ='1週'!B3 -> 2026 | C3: ='1週'!C3 -> 7
C4: =IF('1週'!C3="","",IF('1週'!C4=1,4,3)) -> 4
B6: 会社名 | C6: ='1週'!C6 -> FPTジャパン
B7: 氏名 | C7: ='1週'!C7 -> LE NHUT THIEN
I8: 月 | K8: 火 | M8: 水 | O8: 木 | Q8: 金 | S8: 土 | U8: 日
I9: ='3週'!U9+1 -> 20 | K9: =I9+1 -> 21 | M9: =K9+1 -> 22 | O9: =M9+1 -> 23 | Q9: =O9+1 -> 24 | S9: =Q9+1 -> 25 | U9: =S9+1 -> 26
A10: No | B10: システムコード | C10: システム名 | D10: 工種コード | E10: 主な作業内容（予定） | F10: 予定 | G10: 始業 | K10: 0.375 | M10: 0.375 | O10: 0.375 | Q10: 0.375 | W10: 累計
B11: プロジェクトコード | C11: プロジェクト名 | D11: 工種 | F11: 達成度 | G11: 終業 | K11: 0.77083333 | M11: 0.77083333 | O11: 0.77083333 | Q11: 0.77083333 | W11: ='3週'!W11+W13 -> 7.5
F12: 休憩・外出時間 | K12: 0.041666667 | M12: 0.041666667 | O12: 0.041666667 | Q12: 0.041666667 | W12: 合計
A13: 合計 | I13: =TIMEVALUE(TEXT(I11-I10-I12,"h:mm:ss")) -> 0.375 | K13: =TIMEVALUE(TEXT(K11-K10-K12,"h:mm:ss")) -> 0.375 | M13: =TIMEVALUE(TEXT(M11-M10-M12,"h:mm:ss")) -> 0.375 | O13: =TIMEVALUE(TEXT(O11-O10-O12,"h:mm:ss")) -> 0.375 | Q13: =TIMEVALUE(TEXT(Q11-Q10-Q12,"h:mm:ss")) -> 0.375 | S13: =TIMEVALUE(TEXT(S11-S10-S12,"h:mm:ss")) -> 0 | U13: =TIMEVALUE(TEXT(U11-U10-U12,"h:mm:ss")) -> 0 | W13: =CEILING(SUM(I13:V13),"0:5") -> 1.875
A15: 1 | B15: =IF($B16="","",INDEX(PJ!$A:$A,MATCH(B16,PJ!$C:$C,0))) -> 10000 | C15: =IF($B16="","",INDEX(PJ!$B:$B,MATCH(B16, PJ!$C:$C, 0))) -> Yokogawa | D15: =IF(D16="","",INDEX(工種!$A$2:$A$83,MATCH(D16,工種!$B$2:$B$83,0),1)) -> 10102 | G15: 予定
B16: 10000 | C16: =IF($B16="","",INDEX(PJ!$D:$D,MATCH(B16, PJ!$C:$C, 0))) -> Rep Portal | D16: 製造：コーディング | E16: コーディング | G16: 実績 | K16: 0.27083333 | M16: 0.27083333 | O16: 0.27083333 | Q16: 0.27083333 | W16: =SUM(I16:V16) -> 1.0416667
A17: 2 | B17: =IF($B18="","",INDEX(PJ!$A:$A,MATCH(B18,PJ!$C:$C,0))) -> 10000 | C17: =IF($B18="","",INDEX(PJ!$B:$B,MATCH(B18, PJ!$C:$C, 0))) -> Yokogawa | D17: =IF(D18="","",INDEX(工種!$A$2:$A$83,MATCH(D18,工種!$B$2:$B$83,0),1)) -> 30106 | G17: 予定
B18: 10000 | C18: =IF($B18="","",INDEX(PJ!$D:$D,MATCH(B18, PJ!$C:$C, 0))) -> Rep Portal | D18: テスト：結合テスト実施 | E18: 結合テスト実施 | G18: 実績 | K18: 0.083333333 | M18: 0.083333333 | O18: 0.083333333 | Q18: 0.083333333 | W18: =SUM(I18:V18) -> 0.625
A19: 3 | B19: =IF($B20="","",INDEX(PJ!$A:$A,MATCH(B20,PJ!$C:$C,0))) -> 10000 | C19: =IF($B20="","",INDEX(PJ!$B:$B,MATCH(B20, PJ!$C:$C, 0))) -> Yokogawa | D19: =IF(D20="","",INDEX(工種!$A$2:$A$83,MATCH(D20,工種!$B$2:$B$83,0),1)) -> 40108 | G19: 予定
C20: =IF($B20="","",INDEX(PJ!$D:$D,MATCH(B20, PJ!$C:$C, 0))) -> Rep Portal | G20: 実績 | W20: =SUM(I20:V20) -> 0.52083333
A21: 4 | B21: =IF($B22="","",INDEX(PJ!$A:$A,MATCH(B22,PJ!$C:$C,0))) | C21: =IF($B22="","",INDEX(PJ!$B:$B,MATCH(B22, PJ!$C:$C, 0))) | D21: =IF(D22="","",INDEX(工種!$A$2:$A$83,MATCH(D22,工種!$B$2:$B$83,0),1)) | G21: 予定
C22: =IF($B22="","",INDEX(PJ!$D:$D,MATCH(B22, PJ!$C:$C, 0))) | G22: 実績 | W22: =SUM(I22:V22) -> 0
A23: 5 | B23: =IF($B24="","",INDEX(PJ!$A:$A,MATCH(B24,PJ!$C:$C,0))) | C23: =IF($B24="","",INDEX(PJ!$B:$B,MATCH(B24, PJ!$C:$C, 0))) | D23: =IF(D24="","",INDEX(工種!$A$2:$A$83,MATCH(D24,工種!$B$2:$B$83,0),1)) | G23: 予定
C24: =IF($B24="","",INDEX(PJ!$D:$D,MATCH(B24, PJ!$C:$C, 0))) | G24: 実績 | W24: =SUM(I24:V24) -> 0
A25: 6 | B25: =IF($B26="","",INDEX(PJ!$A:$A,MATCH(B26,PJ!$C:$C,0))) | C25: =IF($B26="","",INDEX(PJ!$B:$B,MATCH(B26, PJ!$C:$C, 0))) | D25: =IF(D26="","",INDEX(工種!$A$2:$A$83,MATCH(D26,工種!$B$2:$B$83,0),1)) | G25: 予定
C26: =IF($B26="","",INDEX(PJ!$D:$D,MATCH(B26, PJ!$C:$C, 0))) | G26: 実績 | W26: =SUM(I26:V26) -> 0
A27: 7 | B27: =IF($B28="","",INDEX(PJ!$A:$A,MATCH(B28,PJ!$C:$C,0))) | C27: =IF($B28="","",INDEX(PJ!$B:$B,MATCH(B28, PJ!$C:$C, 0))) | D27: =IF(D28="","",INDEX(工種!$A$2:$A$83,MATCH(D28,工種!$B$2:$B$83,0),1)) | G27: 予定
C28: =IF($B28="","",INDEX(PJ!$D:$D,MATCH(B28, PJ!$C:$C, 0))) | G28: 実績 | W28: =SUM(I28:V28) -> 0
A29: 8 | B29: =IF($B30="","",INDEX(PJ!$A:$A,MATCH(B30,PJ!$C:$C,0))) | C29: =IF($B30="","",INDEX(PJ!$B:$B,MATCH(B30, PJ!$C:$C, 0))) | D29: =IF(D30="","",INDEX(工種!$A$2:$A$83,MATCH(D30,工種!$B$2:$B$83,0),1)) | G29: 予定
C30: =IF($B30="","",INDEX(PJ!$D:$D,MATCH(B30, PJ!$C:$C, 0))) | G30: 実績 | W30: =SUM(I30:V30) -> 0
A31: 9 | B31: =IF($B32="","",INDEX(PJ!$A:$A,MATCH(B32,PJ!$C:$C,0))) | C31: =IF($B32="","",INDEX(PJ!$B:$B,MATCH(B32, PJ!$C:$C, 0))) | D31: =IF(D32="","",INDEX(工種!$A$2:$A$83,MATCH(D32,工種!$B$2:$B$83,0),1)) | G31: 予定
C32: =IF($B32="","",INDEX(PJ!$D:$D,MATCH(B32, PJ!$C:$C, 0))) | G32: 実績 | W32: =SUM(I32:V32) -> 0
A33: 10 | B33: =IF($B34="","",INDEX(PJ!$A:$A,MATCH(B34,PJ!$C:$C,0))) | C33: =IF($B34="","",INDEX(PJ!$B:$B,MATCH(B34, PJ!$C:$C, 0))) | D33: =IF(D34="","",INDEX(工種!$A$2:$A$83,MATCH(D34,工種!$B$2:$B$83,0),1)) | G33: 予定
C34: =IF($B34="","",INDEX(PJ!$D:$D,MATCH(B34, PJ!$C:$C, 0))) | G34: 実績 | W34: =SUM(I34:V34) -> 0
A35: 11 | B35: =IF($B36="","",INDEX(PJ!$A:$A,MATCH(B36,PJ!$C:$C,0))) | C35: =IF($B36="","",INDEX(PJ!$B:$B,MATCH(B36, PJ!$C:$C, 0))) | D35: =IF(D36="","",INDEX(工種!$A$2:$A$83,MATCH(D36,工種!$B$2:$B$83,0),1)) | G35: 予定
C36: =IF($B36="","",INDEX(PJ!$D:$D,MATCH(B36, PJ!$C:$C, 0))) | G36: 実績 | W36: =SUM(I36:V36) -> 0
A37: 12 | B37: =IF($B38="","",INDEX(PJ!$A:$A,MATCH(B38,PJ!$C:$C,0))) | C37: =IF($B38="","",INDEX(PJ!$B:$B,MATCH(B38, PJ!$C:$C, 0))) | D37: =IF(D38="","",INDEX(工種!$A$2:$A$83,MATCH(D38,工種!$B$2:$B$83,0),1)) | G37: 予定
C38: =IF($B38="","",INDEX(PJ!$D:$D,MATCH(B38, PJ!$C:$C, 0))) | G38: 実績 | W38: =SUM(I38:V38) -> 0
A39: 13 | B39: =IF($B40="","",INDEX(PJ!$A:$A,MATCH(B40,PJ!$C:$C,0))) | C39: =IF($B40="","",INDEX(PJ!$B:$B,MATCH(B40, PJ!$C:$C, 0))) | D39: =IF(D40="","",INDEX(工種!$A$2:$A$83,MATCH(D40,工種!$B$2:$B$83,0),1)) | G39: 予定
C40: =IF($B40="","",INDEX(PJ!$D:$D,MATCH(B40, PJ!$C:$C, 0))) | G40: 実績 | W40: =SUM(I40:V40) -> 0
A41: 14 | B41: =IF($B42="","",INDEX(PJ!$A:$A,MATCH(B42,PJ!$C:$C,0))) | C41: =IF($B42="","",INDEX(PJ!$B:$B,MATCH(B42, PJ!$C:$C, 0))) | D41: =IF(D42="","",INDEX(工種!$A$2:$A$83,MATCH(D42,工種!$B$2:$B$83,0),1)) | G41: 予定
C42: =IF($B42="","",INDEX(PJ!$D:$D,MATCH(B42, PJ!$C:$C, 0))) | G42: 実績 | W42: =SUM(I42:V42) -> 0
A43: 15 | B43: =IF($B44="","",INDEX(PJ!$A:$A,MATCH(B44,PJ!$C:$C,0))) | C43: =IF($B44="","",INDEX(PJ!$B:$B,MATCH(B44, PJ!$C:$C, 0))) | D43: =IF(D44="","",INDEX(工種!$A$2:$A$83,MATCH(D44,工種!$B$2:$B$83,0),1)) | G43: 予定
C44: =IF($B44="","",INDEX(PJ!$D:$D,MATCH(B44, PJ!$C:$C, 0))) | G44: 実績 | W44: =SUM(I44:V44) -> 0
A45: 16 | B45: =IF($B46="","",INDEX(PJ!$A:$A,MATCH(B46,PJ!$C:$C,0))) | C45: =IF($B46="","",INDEX(PJ!$B:$B,MATCH(B46, PJ!$C:$C, 0))) | D45: =IF(D46="","",INDEX(工種!$A$2:$A$83,MATCH(D46,工種!$B$2:$B$83,0),1)) | G45: 予定
C46: =IF($B46="","",INDEX(PJ!$D:$D,MATCH(B46, PJ!$C:$C, 0))) | G46: 実績 | W46: =SUM(I46:V46) -> 0
A47: 17 | B47: =IF($B48="","",INDEX(PJ!$A:$A,MATCH(B48,PJ!$C:$C,0))) | C47: =IF($B48="","",INDEX(PJ!$B:$B,MATCH(B48, PJ!$C:$C, 0))) | D47: =IF(D48="","",INDEX(工種!$A$2:$A$83,MATCH(D48,工種!$B$2:$B$83,0),1)) | G47: 予定
C48: =IF($B48="","",INDEX(PJ!$D:$D,MATCH(B48, PJ!$C:$C, 0))) | G48: 実績 | W48: =SUM(I48:V48) -> 0
A49: 18 | B49: =IF($B50="","",INDEX(PJ!$A:$A,MATCH(B50,PJ!$C:$C,0))) | C49: =IF($B50="","",INDEX(PJ!$B:$B,MATCH(B50, PJ!$C:$C, 0))) | D49: =IF(D50="","",INDEX(工種!$A$2:$A$83,MATCH(D50,工種!$B$2:$B$83,0),1)) | G49: 予定
C50: =IF($B50="","",INDEX(PJ!$D:$D,MATCH(B50, PJ!$C:$C, 0))) | G50: 実績 | W50: =SUM(I50:V50) -> 0
A51: 19 | B51: =IF($B52="","",INDEX(PJ!$A:$A,MATCH(B52,PJ!$C:$C,0))) | C51: =IF($B52="","",INDEX(PJ!$B:$B,MATCH(B52, PJ!$C:$C, 0))) | D51: =IF(D52="","",INDEX(工種!$A$2:$A$83,MATCH(D52,工種!$B$2:$B$83,0),1)) | G51: 予定
C52: =IF($B52="","",INDEX(PJ!$D:$D,MATCH(B52, PJ!$C:$C, 0))) | G52: 実績 | W52: =SUM(I52:V52) -> 0
A53: 20 | B53: =IF($B54="","",INDEX(PJ!$A:$A,MATCH(B54,PJ!$C:$C,0))) | C53: =IF($B54="","",INDEX(PJ!$B:$B,MATCH(B54, PJ!$C:$C, 0))) | D53: =IF(D54="","",INDEX(工種!$A$2:$A$83,MATCH(D54,工種!$B$2:$B$83,0),1)) | G53: 予定
C54: =IF($B54="","",INDEX(PJ!$D:$D,MATCH(B54, PJ!$C:$C, 0))) | G54: 実績 | W54: =SUM(I54:V54) -> 0
E57: 合計 | I57: =SUM(I16:J54) -> 0.66666667 | K57: =SUM(K16:L54) -> 0.66666667 | M57: =SUM(M16:N54) -> 0.66666667 | O57: =SUM(O16:P54) -> 0.66666667 | Q57: =SUM(Q16:R54) -> 0.66666667 | S57: =SUM(S16:T54) -> 0 | U57: =SUM(U16:V54) -> 0 | W57: =CEILING(SUM(W16:X54),"0:5") -> 2.1875
E58: 勤務欄 （記入例：全休、午前休、午後休、遅刻xx分、早退xx分など）
A61: 内部問題 | I61: 対策
A68: 外部問題
A75: その他
B81: ・週間進捗状況報告書は、週次ミーティング時（または管理者の指示に従って）に、実績を記入したものと翌週の予定を記載したものを提出する。
B82: ・入力する欄はセルの白部分のみになります。色のついた部分は入力しないように願います。
B83: ・ファイルは一ヶ月単位で管理し、1週間で１シートとする。
B84: ・入力されたファイルは管理者が管理し、指定された場所に保管する。
B85: ・開発業務管理室への提出は、実績が記入されたものを出力し、押印して提出すること。（翌週の火曜日まで）
S86: ='1週'!S86 -> PJ20-1-2022-0624

Sheet 5週
A1: 週間進捗状況報告書
T2: 管理者 | W2: 本人
B3: ='1週'!B3 -> 2026 | C3: ='1週'!C3 -> 7
C4: =IF('1週'!C3="","",IF('1週'!C4=1,5,4)) -> 5
B6: 会社名 | C6: ='1週'!C6 -> FPTジャパン
B7: 氏名 | C7: ='1週'!C7 -> LE NHUT THIEN
I8: 月 | K8: 火 | M8: 水 | O8: 木 | Q8: 金 | S8: 土 | U8: 日
I9: =IF(ISERR(WEEKDAY($B$3&"/"&$C$3&"/"&'4週'!U9+1))=TRUE,"",'4週'!U9+1) -> 27 | K9: =IF(ISERR(WEEKDAY($B$3&"/"&$C$3&"/"&I9+1))=TRUE,"",I9+1) -> 28 | M9: =IF(ISERR(WEEKDAY($B$3&"/"&$C$3&"/"&K9+1))=TRUE,"",K9+1) -> 29 | O9: =IF(ISERR(WEEKDAY($B$3&"/"&$C$3&"/"&M9+1))=TRUE,"",M9+1) -> 30 | Q9: =IF(ISERR(WEEKDAY($B$3&"/"&$C$3&"/"&O9+1))=TRUE,"",O9+1) -> 31 | S9: =IF(ISERR(WEEKDAY($B$3&"/"&$C$3&"/"&Q9+1))=TRUE,"",Q9+1) | U9: =IF(ISERR(WEEKDAY($B$3&"/"&$C$3&"/"&S9+1))=TRUE,"",S9+1)
A10: No | B10: システムコード | C10: システム名 | D10: 工種コード | E10: 主な作業内容（予定） | F10: 予定 | G10: 始業 | I10: 0.375 | K10: 0.375 | M10: 0.375 | O10: 0.375 | Q10: 0.375 | W10: 累計
B11: プロジェクトコード | C11: プロジェクト名 | D11: 工種 | F11: 達成度 | G11: 終業 | I11: 0.77083333 | K11: 0.77083333 | M11: 0.77083333 | O11: 0.77083333 | Q11: 0.77083333 | W11: ='4週'!W11+W13 -> 8.25
F12: 休憩・外出時間 | I12: 0.041666667 | K12: 0.041666667 | M12: 0.041666667 | O12: 0.041666667 | Q12: 0.041666667 | W12: 合計
A13: 合計 | I13: =TIMEVALUE(TEXT(I11-I10-I12,"h:mm:ss")) -> 0.375 | K13: =TIMEVALUE(TEXT(K11-K10-K12,"h:mm:ss")) -> 0.375 | M13: =TIMEVALUE(TEXT(M11-M10-M12,"h:mm:ss")) -> 0 | O13: =TIMEVALUE(TEXT(O11-O10-O12,"h:mm:ss")) -> 0 | Q13: =TIMEVALUE(TEXT(Q11-Q10-Q12,"h:mm:ss")) -> 0 | S13: =TIMEVALUE(TEXT(S11-S10-S12,"h:mm:ss")) -> 0 | U13: =TIMEVALUE(TEXT(U11-U10-U12,"h:mm:ss")) -> 0 | W13: =CEILING(SUM(I13:V13),"0:5") -> 0.75
A15: 1 | B15: =IF($B16="","",INDEX(PJ!$A:$A,MATCH(B16,PJ!$C:$C,0))) -> 10000 | C15: =IF($B16="","",INDEX(PJ!$B:$B,MATCH(B16, PJ!$C:$C, 0))) -> Yokogawa | D15: =IF(D16="","",INDEX(工種!$A$2:$A$83,MATCH(D16,工種!$B$2:$B$83,0),1)) -> 10102 | G15: 予定
B16: 10000 | C16: =IF($B16="","",INDEX(PJ!$D:$D,MATCH(B16, PJ!$C:$C, 0))) -> Rep Portal | D16: 製造：コーディング | E16: コーディング | G16: 実績 | I16: 0.27083333 | K16: 0.27083333 | M16: 0.27083333 | O16: 0.22916667 | Q16: 0.27083333 | W16: =SUM(I16:V16) -> 0.83333333
A17: 2 | B17: =IF($B18="","",INDEX(PJ!$A:$A,MATCH(B18,PJ!$C:$C,0))) -> 10000 | C17: =IF($B18="","",INDEX(PJ!$B:$B,MATCH(B18, PJ!$C:$C, 0))) -> Yokogawa | D17: =IF(D18="","",INDEX(工種!$A$2:$A$83,MATCH(D18,工種!$B$2:$B$83,0),1)) -> 30106 | G17: 予定
B18: 10000 | C18: =IF($B18="","",INDEX(PJ!$D:$D,MATCH(B18, PJ!$C:$C, 0))) -> Rep Portal | D18: テスト：結合テスト実施 | E18: 結合テスト実施 | G18: 実績 | I18: 0.083333333 | K18: 0.083333333 | M18: 0.083333333 | O18: 0.083333333 | Q18: 0.083333333 | W18: =SUM(I18:V18) -> 0.5
A19: 3 | B19: =IF($B20="","",INDEX(PJ!$A:$A,MATCH(B20,PJ!$C:$C,0))) -> 10000 | C19: =IF($B20="","",INDEX(PJ!$B:$B,MATCH(B20, PJ!$C:$C, 0))) -> Yokogawa | D19: =IF(D20="","",INDEX(工種!$A$2:$A$83,MATCH(D20,工種!$B$2:$B$83,0),1)) -> 40108 | G19: 予定
B20: 10000 | C20: =IF($B20="","",INDEX(PJ!$D:$D,MATCH(B20, PJ!$C:$C, 0))) -> Rep Portal | D20: 管理業務：打合せ | E20: 打合せ | G20: 実績 | O20: 0.041666667 | W20: =SUM(I20:V20) -> 0.41666667
A21: 4 | B21: =IF($B22="","",INDEX(PJ!$A:$A,MATCH(B22,PJ!$C:$C,0))) | C21: =IF($B22="","",INDEX(PJ!$B:$B,MATCH(B22, PJ!$C:$C, 0))) | D21: =IF(D22="","",INDEX(工種!$A$2:$A$83,MATCH(D22,工種!$B$2:$B$83,0),1)) | G21: 予定
C22: =IF($B22="","",INDEX(PJ!$D:$D,MATCH(B22, PJ!$C:$C, 0))) | G22: 実績 | W22: =SUM(I22:V22) -> 0
A23: 5 | B23: =IF($B24="","",INDEX(PJ!$A:$A,MATCH(B24,PJ!$C:$C,0))) | C23: =IF($B24="","",INDEX(PJ!$B:$B,MATCH(B24, PJ!$C:$C, 0))) | D23: =IF(D24="","",INDEX(工種!$A$2:$A$83,MATCH(D24,工種!$B$2:$B$83,0),1)) | G23: 予定
C24: =IF($B24="","",INDEX(PJ!$D:$D,MATCH(B24, PJ!$C:$C, 0))) | G24: 実績 | W24: =SUM(I24:V24) -> 0
A25: 6 | B25: =IF($B26="","",INDEX(PJ!$A:$A,MATCH(B26,PJ!$C:$C,0))) | C25: =IF($B26="","",INDEX(PJ!$B:$B,MATCH(B26, PJ!$C:$C, 0))) | D25: =IF(D26="","",INDEX(工種!$A$2:$A$83,MATCH(D26,工種!$B$2:$B$83,0),1)) | G25: 予定
C26: =IF($B26="","",INDEX(PJ!$D:$D,MATCH(B26, PJ!$C:$C, 0))) | G26: 実績 | W26: =SUM(I26:V26) -> 0
A27: 7 | B27: =IF($B28="","",INDEX(PJ!$A:$A,MATCH(B28,PJ!$C:$C,0))) | C27: =IF($B28="","",INDEX(PJ!$B:$B,MATCH(B28, PJ!$C:$C, 0))) | D27: =IF(D28="","",INDEX(工種!$A$2:$A$83,MATCH(D28,工種!$B$2:$B$83,0),1)) | G27: 予定
C28: =IF($B28="","",INDEX(PJ!$D:$D,MATCH(B28, PJ!$C:$C, 0))) | G28: 実績 | W28: =SUM(I28:V28) -> 0
A29: 8 | B29: =IF($B30="","",INDEX(PJ!$A:$A,MATCH(B30,PJ!$C:$C,0))) | C29: =IF($B30="","",INDEX(PJ!$B:$B,MATCH(B30, PJ!$C:$C, 0))) | D29: =IF(D30="","",INDEX(工種!$A$2:$A$83,MATCH(D30,工種!$B$2:$B$83,0),1)) | G29: 予定
C30: =IF($B30="","",INDEX(PJ!$D:$D,MATCH(B30, PJ!$C:$C, 0))) | G30: 実績 | W30: =SUM(I30:V30) -> 0
A31: 9 | B31: =IF($B32="","",INDEX(PJ!$A:$A,MATCH(B32,PJ!$C:$C,0))) | C31: =IF($B32="","",INDEX(PJ!$B:$B,MATCH(B32, PJ!$C:$C, 0))) | D31: =IF(D32="","",INDEX(工種!$A$2:$A$83,MATCH(D32,工種!$B$2:$B$83,0),1)) | G31: 予定
C32: =IF($B32="","",INDEX(PJ!$D:$D,MATCH(B32, PJ!$C:$C, 0))) | G32: 実績 | W32: =SUM(I32:V32) -> 0
A33: 10 | B33: =IF($B34="","",INDEX(PJ!$A:$A,MATCH(B34,PJ!$C:$C,0))) | C33: =IF($B34="","",INDEX(PJ!$B:$B,MATCH(B34, PJ!$C:$C, 0))) | D33: =IF(D34="","",INDEX(工種!$A$2:$A$83,MATCH(D34,工種!$B$2:$B$83,0),1)) | G33: 予定
C34: =IF($B34="","",INDEX(PJ!$D:$D,MATCH(B34, PJ!$C:$C, 0))) | G34: 実績 | W34: =SUM(I34:V34) -> 0
A35: 11 | B35: =IF($B36="","",INDEX(PJ!$A:$A,MATCH(B36,PJ!$C:$C,0))) | C35: =IF($B36="","",INDEX(PJ!$B:$B,MATCH(B36, PJ!$C:$C, 0))) | D35: =IF(D36="","",INDEX(工種!$A$2:$A$83,MATCH(D36,工種!$B$2:$B$83,0),1)) | G35: 予定
C36: =IF($B36="","",INDEX(PJ!$D:$D,MATCH(B36, PJ!$C:$C, 0))) | G36: 実績 | W36: =SUM(I36:V36) -> 0
A37: 12 | B37: =IF($B38="","",INDEX(PJ!$A:$A,MATCH(B38,PJ!$C:$C,0))) | C37: =IF($B38="","",INDEX(PJ!$B:$B,MATCH(B38, PJ!$C:$C, 0))) | D37: =IF(D38="","",INDEX(工種!$A$2:$A$83,MATCH(D38,工種!$B$2:$B$83,0),1)) | G37: 予定
C38: =IF($B38="","",INDEX(PJ!$D:$D,MATCH(B38, PJ!$C:$C, 0))) | G38: 実績 | W38: =SUM(I38:V38) -> 0
A39: 13 | B39: =IF($B40="","",INDEX(PJ!$A:$A,MATCH(B40,PJ!$C:$C,0))) | C39: =IF($B40="","",INDEX(PJ!$B:$B,MATCH(B40, PJ!$C:$C, 0))) | D39: =IF(D40="","",INDEX(工種!$A$2:$A$83,MATCH(D40,工種!$B$2:$B$83,0),1)) | G39: 予定
C40: =IF($B40="","",INDEX(PJ!$D:$D,MATCH(B40, PJ!$C:$C, 0))) | G40: 実績 | W40: =SUM(I40:V40) -> 0
A41: 14 | B41: =IF($B42="","",INDEX(PJ!$A:$A,MATCH(B42,PJ!$C:$C,0))) | C41: =IF($B42="","",INDEX(PJ!$B:$B,MATCH(B42, PJ!$C:$C, 0))) | D41: =IF(D42="","",INDEX(工種!$A$2:$A$83,MATCH(D42,工種!$B$2:$B$83,0),1)) | G41: 予定
C42: =IF($B42="","",INDEX(PJ!$D:$D,MATCH(B42, PJ!$C:$C, 0))) | G42: 実績 | W42: =SUM(I42:V42) -> 0
A43: 15 | B43: =IF($B44="","",INDEX(PJ!$A:$A,MATCH(B44,PJ!$C:$C,0))) | C43: =IF($B44="","",INDEX(PJ!$B:$B,MATCH(B44, PJ!$C:$C, 0))) | D43: =IF(D44="","",INDEX(工種!$A$2:$A$83,MATCH(D44,工種!$B$2:$B$83,0),1)) | G43: 予定
C44: =IF($B44="","",INDEX(PJ!$D:$D,MATCH(B44, PJ!$C:$C, 0))) | G44: 実績 | W44: =SUM(I44:V44) -> 0
A45: 16 | B45: =IF($B46="","",INDEX(PJ!$A:$A,MATCH(B46,PJ!$C:$C,0))) | C45: =IF($B46="","",INDEX(PJ!$B:$B,MATCH(B46, PJ!$C:$C, 0))) | D45: =IF(D46="","",INDEX(工種!$A$2:$A$83,MATCH(D46,工種!$B$2:$B$83,0),1)) | G45: 予定
C46: =IF($B46="","",INDEX(PJ!$D:$D,MATCH(B46, PJ!$C:$C, 0))) | G46: 実績 | W46: =SUM(I46:V46) -> 0
A47: 17 | B47: =IF($B48="","",INDEX(PJ!$A:$A,MATCH(B48,PJ!$C:$C,0))) | C47: =IF($B48="","",INDEX(PJ!$B:$B,MATCH(B48, PJ!$C:$C, 0))) | D47: =IF(D48="","",INDEX(工種!$A$2:$A$83,MATCH(D48,工種!$B$2:$B$83,0),1)) | G47: 予定
C48: =IF($B48="","",INDEX(PJ!$D:$D,MATCH(B48, PJ!$C:$C, 0))) | G48: 実績 | W48: =SUM(I48:V48) -> 0
A49: 18 | B49: =IF($B50="","",INDEX(PJ!$A:$A,MATCH(B50,PJ!$C:$C,0))) | C49: =IF($B50="","",INDEX(PJ!$B:$B,MATCH(B50, PJ!$C:$C, 0))) | D49: =IF(D50="","",INDEX(工種!$A$2:$A$83,MATCH(D50,工種!$B$2:$B$83,0),1)) | G49: 予定
C50: =IF($B50="","",INDEX(PJ!$D:$D,MATCH(B50, PJ!$C:$C, 0))) | G50: 実績 | W50: =SUM(I50:V50) -> 0
A51: 19 | B51: =IF($B52="","",INDEX(PJ!$A:$A,MATCH(B52,PJ!$C:$C,0))) | C51: =IF($B52="","",INDEX(PJ!$B:$B,MATCH(B52, PJ!$C:$C, 0))) | D51: =IF(D52="","",INDEX(工種!$A$2:$A$83,MATCH(D52,工種!$B$2:$B$83,0),1)) | G51: 予定
C52: =IF($B52="","",INDEX(PJ!$D:$D,MATCH(B52, PJ!$C:$C, 0))) | G52: 実績 | W52: =SUM(I52:V52) -> 0
A53: 20 | B53: =IF($B54="","",INDEX(PJ!$A:$A,MATCH(B54,PJ!$C:$C,0))) | C53: =IF($B54="","",INDEX(PJ!$B:$B,MATCH(B54, PJ!$C:$C, 0))) | D53: =IF(D54="","",INDEX(工種!$A$2:$A$83,MATCH(D54,工種!$B$2:$B$83,0),1)) | G53: 予定
C54: =IF($B54="","",INDEX(PJ!$D:$D,MATCH(B54, PJ!$C:$C, 0))) | G54: 実績 | W54: =SUM(I54:V54) -> 0
E57: 合計 | I57: =SUM(I16:J54) -> 0 | K57: =SUM(K16:L54) -> 0.66666667 | M57: =SUM(M16:N54) -> 0.66666667 | O57: =SUM(O16:P54) -> 0.66666667 | Q57: =SUM(Q16:R54) -> 0.66666667 | S57: =SUM(S16:T54) -> 0 | U57: =SUM(U16:V54) -> 0 | W57: =CEILING(SUM(W16:X54),"0:5") -> 1.75
E58: 勤務欄 （記入例：全休、午前休、午後休、遅刻xx分、早退xx分など）
A61: 内部問題 | I61: 対策
A68: 外部問題
A75: その他
B81: ・週間進捗状況報告書は、週次ミーティング時（または管理者の指示に従って）に、実績を記入したものと翌週の予定を記載したものを提出する。
B82: ・入力する欄はセルの白部分のみになります。色のついた部分は入力しないように願います。
B83: ・ファイルは一ヶ月単位で管理し、1週間で１シートとする。
B84: ・入力されたファイルは管理者が管理し、指定された場所に保管する。
B85: ・開発業務管理室への提出は、実績が記入されたものを出力し、押印して提出すること。（翌週の火曜日まで）
S86: ='1週'!S86 -> PJ20-1-2022-0624

Sheet 6週
A1: 週間進捗状況報告書
T2: 管理者 | W2: 本人
B3: ='1週'!B3 -> 2026 | C3: ='1週'!C3 -> 7
C4: =IF(I9="","",IF('1週'!C4=1,6,5))
B6: 会社名 | C6: ='1週'!C6 -> FPTジャパン
B7: 氏名 | C7: ='1週'!C7 -> LE NHUT THIEN
I8: 月 | K8: 火 | M8: 水 | O8: 木 | Q8: 金 | S8: 土 | U8: 日
I9: =IF(ISERR(WEEKDAY($B$3&"/"&$C$3&"/"&'5週'!U9+1))=TRUE,"",'5週'!U9+1) | K9: =IF(ISERR(WEEKDAY($B$3&"/"&$C$3&"/"&I9+1))=TRUE,"",I9+1) | M9: =IF(ISERR(WEEKDAY($B$3&"/"&$C$3&"/"&K9+1))=TRUE,"",K9+1) | O9: =IF(ISERR(WEEKDAY($B$3&"/"&$C$3&"/"&M9+1))=TRUE,"",M9+1) | Q9: =IF(ISERR(WEEKDAY($B$3&"/"&$C$3&"/"&O9+1))=TRUE,"",O9+1) | S9: =IF(ISERR(WEEKDAY($B$3&"/"&$C$3&"/"&Q9+1))=TRUE,"",Q9+1) | U9: =IF(ISERR(WEEKDAY($B$3&"/"&$C$3&"/"&S9+1))=TRUE,"",S9+1)
A10: No | B10: システムコード | C10: システム名 | D10: 工種コード | E10: 主な作業内容（予定） | F10: 予定 | G10: 始業 | W10: 累計
B11: プロジェクトコード | C11: プロジェクト名 | D11: 工種 | F11: 達成度 | G11: 終業 | W11: ='5週'!W11+W13 -> 8.25
F12: 休憩・外出時間 | W12: 合計
A13: 合計 | I13: =TIMEVALUE(TEXT(I11-I10-I12,"h:mm:ss")) -> 0 | K13: =TIMEVALUE(TEXT(K11-K10-K12,"h:mm:ss")) -> 0 | M13: =TIMEVALUE(TEXT(M11-M10-M12,"h:mm:ss")) -> 0 | O13: =TIMEVALUE(TEXT(O11-O10-O12,"h:mm:ss")) -> 0 | Q13: =TIMEVALUE(TEXT(Q11-Q10-Q12,"h:mm:ss")) -> 0 | S13: =TIMEVALUE(TEXT(S11-S10-S12,"h:mm:ss")) -> 0 | U13: =TIMEVALUE(TEXT(U11-U10-U12,"h:mm:ss")) -> 0 | W13: =CEILING(SUM(I13:V13),"0:5") -> 0
A15: 1 | B15: =IF($B16="","",INDEX(PJ!$A:$A,MATCH(B16,PJ!$C:$C,0))) -> 10000 | C15: =IF($B16="","",INDEX(PJ!$B:$B,MATCH(B16, PJ!$C:$C, 0))) -> Yokogawa | D15: =IF(D16="","",INDEX(工種!$A$2:$A$83,MATCH(D16,工種!$B$2:$B$83,0),1)) -> 10102 | G15: 予定
C16: =IF($B16="","",INDEX(PJ!$D:$D,MATCH(B16, PJ!$C:$C, 0))) -> Rep Portal | G16: 実績 | W16: =SUM(I16:V16) -> 0
A17: 2 | B17: =IF($B18="","",INDEX(PJ!$A:$A,MATCH(B18,PJ!$C:$C,0))) -> 10000 | C17: =IF($B18="","",INDEX(PJ!$B:$B,MATCH(B18, PJ!$C:$C, 0))) -> Yokogawa | D17: =IF(D18="","",INDEX(工種!$A$2:$A$83,MATCH(D18,工種!$B$2:$B$83,0),1)) -> 30106 | G17: 予定
C18: =IF($B18="","",INDEX(PJ!$D:$D,MATCH(B18, PJ!$C:$C, 0))) -> Rep Portal | G18: 実績 | W18: =SUM(I18:V18) -> 0
A19: 3 | B19: =IF($B20="","",INDEX(PJ!$A:$A,MATCH(B20,PJ!$C:$C,0))) -> 10000 | C19: =IF($B20="","",INDEX(PJ!$B:$B,MATCH(B20, PJ!$C:$C, 0))) -> Yokogawa | D19: =IF(D20="","",INDEX(工種!$A$2:$A$83,MATCH(D20,工種!$B$2:$B$83,0),1)) -> 40108 | G19: 予定
C20: =IF($B20="","",INDEX(PJ!$D:$D,MATCH(B20, PJ!$C:$C, 0))) -> Rep Portal | G20: 実績 | W20: =SUM(I20:V20) -> 0
A21: 4 | B21: =IF($B22="","",INDEX(PJ!$A:$A,MATCH(B22,PJ!$C:$C,0))) | C21: =IF($B22="","",INDEX(PJ!$B:$B,MATCH(B22, PJ!$C:$C, 0))) | D21: =IF(D22="","",INDEX(工種!$A$2:$A$83,MATCH(D22,工種!$B$2:$B$83,0),1)) | G21: 予定
C22: =IF($B22="","",INDEX(PJ!$D:$D,MATCH(B22, PJ!$C:$C, 0))) | G22: 実績 | W22: =SUM(I22:V22) -> 0
A23: 5 | B23: =IF($B24="","",INDEX(PJ!$A:$A,MATCH(B24,PJ!$C:$C,0))) | C23: =IF($B24="","",INDEX(PJ!$B:$B,MATCH(B24, PJ!$C:$C, 0))) | D23: =IF(D24="","",INDEX(工種!$A$2:$A$83,MATCH(D24,工種!$B$2:$B$83,0),1)) | G23: 予定
C24: =IF($B24="","",INDEX(PJ!$D:$D,MATCH(B24, PJ!$C:$C, 0))) | G24: 実績 | W24: =SUM(I24:V24) -> 0
A25: 6 | B25: =IF($B26="","",INDEX(PJ!$A:$A,MATCH(B26,PJ!$C:$C,0))) | C25: =IF($B26="","",INDEX(PJ!$B:$B,MATCH(B26, PJ!$C:$C, 0))) | D25: =IF(D26="","",INDEX(工種!$A$2:$A$83,MATCH(D26,工種!$B$2:$B$83,0),1)) | G25: 予定
C26: =IF($B26="","",INDEX(PJ!$D:$D,MATCH(B26, PJ!$C:$C, 0))) | G26: 実績 | W26: =SUM(I26:V26) -> 0
A27: 7 | B27: =IF($B28="","",INDEX(PJ!$A:$A,MATCH(B28,PJ!$C:$C,0))) | C27: =IF($B28="","",INDEX(PJ!$B:$B,MATCH(B28, PJ!$C:$C, 0))) | D27: =IF(D28="","",INDEX(工種!$A$2:$A$83,MATCH(D28,工種!$B$2:$B$83,0),1)) | G27: 予定
C28: =IF($B28="","",INDEX(PJ!$D:$D,MATCH(B28, PJ!$C:$C, 0))) | G28: 実績 | W28: =SUM(I28:V28) -> 0
A29: 8 | B29: =IF($B30="","",INDEX(PJ!$A:$A,MATCH(B30,PJ!$C:$C,0))) | C29: =IF($B30="","",INDEX(PJ!$B:$B,MATCH(B30, PJ!$C:$C, 0))) | D29: =IF(D30="","",INDEX(工種!$A$2:$A$83,MATCH(D30,工種!$B$2:$B$83,0),1)) | G29: 予定
C30: =IF($B30="","",INDEX(PJ!$D:$D,MATCH(B30, PJ!$C:$C, 0))) | G30: 実績 | W30: =SUM(I30:V30) -> 0
A31: 9 | B31: =IF($B32="","",INDEX(PJ!$A:$A,MATCH(B32,PJ!$C:$C,0))) | C31: =IF($B32="","",INDEX(PJ!$B:$B,MATCH(B32, PJ!$C:$C, 0))) | D31: =IF(D32="","",INDEX(工種!$A$2:$A$83,MATCH(D32,工種!$B$2:$B$83,0),1)) | G31: 予定
C32: =IF($B32="","",INDEX(PJ!$D:$D,MATCH(B32, PJ!$C:$C, 0))) | G32: 実績 | W32: =SUM(I32:V32) -> 0
A33: 10 | B33: =IF($B34="","",INDEX(PJ!$A:$A,MATCH(B34,PJ!$C:$C,0))) | C33: =IF($B34="","",INDEX(PJ!$B:$B,MATCH(B34, PJ!$C:$C, 0))) | D33: =IF(D34="","",INDEX(工種!$A$2:$A$83,MATCH(D34,工種!$B$2:$B$83,0),1)) | G33: 予定
C34: =IF($B34="","",INDEX(PJ!$D:$D,MATCH(B34, PJ!$C:$C, 0))) | G34: 実績 | W34: =SUM(I34:V34) -> 0
A35: 11 | B35: =IF($B36="","",INDEX(PJ!$A:$A,MATCH(B36,PJ!$C:$C,0))) | C35: =IF($B36="","",INDEX(PJ!$B:$B,MATCH(B36, PJ!$C:$C, 0))) | D35: =IF(D36="","",INDEX(工種!$A$2:$A$83,MATCH(D36,工種!$B$2:$B$83,0),1)) | G35: 予定
C36: =IF($B36="","",INDEX(PJ!$D:$D,MATCH(B36, PJ!$C:$C, 0))) | G36: 実績 | W36: =SUM(I36:V36) -> 0
A37: 12 | B37: =IF($B38="","",INDEX(PJ!$A:$A,MATCH(B38,PJ!$C:$C,0))) | C37: =IF($B38="","",INDEX(PJ!$B:$B,MATCH(B38, PJ!$C:$C, 0))) | D37: =IF(D38="","",INDEX(工種!$A$2:$A$83,MATCH(D38,工種!$B$2:$B$83,0),1)) | G37: 予定
C38: =IF($B38="","",INDEX(PJ!$D:$D,MATCH(B38, PJ!$C:$C, 0))) | G38: 実績 | W38: =SUM(I38:V38) -> 0
A39: 13 | B39: =IF($B40="","",INDEX(PJ!$A:$A,MATCH(B40,PJ!$C:$C,0))) | C39: =IF($B40="","",INDEX(PJ!$B:$B,MATCH(B40, PJ!$C:$C, 0))) | D39: =IF(D40="","",INDEX(工種!$A$2:$A$83,MATCH(D40,工種!$B$2:$B$83,0),1)) | G39: 予定
C40: =IF($B40="","",INDEX(PJ!$D:$D,MATCH(B40, PJ!$C:$C, 0))) | G40: 実績 | W40: =SUM(I40:V40) -> 0
A41: 14 | B41: =IF($B42="","",INDEX(PJ!$A:$A,MATCH(B42,PJ!$C:$C,0))) | C41: =IF($B42="","",INDEX(PJ!$B:$B,MATCH(B42, PJ!$C:$C, 0))) | D41: =IF(D42="","",INDEX(工種!$A$2:$A$83,MATCH(D42,工種!$B$2:$B$83,0),1)) | G41: 予定
C42: =IF($B42="","",INDEX(PJ!$D:$D,MATCH(B42, PJ!$C:$C, 0))) | G42: 実績 | W42: =SUM(I42:V42) -> 0
A43: 15 | B43: =IF($B44="","",INDEX(PJ!$A:$A,MATCH(B44,PJ!$C:$C,0))) | C43: =IF($B44="","",INDEX(PJ!$B:$B,MATCH(B44, PJ!$C:$C, 0))) | D43: =IF(D44="","",INDEX(工種!$A$2:$A$83,MATCH(D44,工種!$B$2:$B$83,0),1)) | G43: 予定
C44: =IF($B44="","",INDEX(PJ!$D:$D,MATCH(B44, PJ!$C:$C, 0))) | G44: 実績 | W44: =SUM(I44:V44) -> 0
A45: 16 | B45: =IF($B46="","",INDEX(PJ!$A:$A,MATCH(B46,PJ!$C:$C,0))) | C45: =IF($B46="","",INDEX(PJ!$B:$B,MATCH(B46, PJ!$C:$C, 0))) | D45: =IF(D46="","",INDEX(工種!$A$2:$A$83,MATCH(D46,工種!$B$2:$B$83,0),1)) | G45: 予定
C46: =IF($B46="","",INDEX(PJ!$D:$D,MATCH(B46, PJ!$C:$C, 0))) | G46: 実績 | W46: =SUM(I46:V46) -> 0
A47: 17 | B47: =IF($B48="","",INDEX(PJ!$A:$A,MATCH(B48,PJ!$C:$C,0))) | C47: =IF($B48="","",INDEX(PJ!$B:$B,MATCH(B48, PJ!$C:$C, 0))) | D47: =IF(D48="","",INDEX(工種!$A$2:$A$83,MATCH(D48,工種!$B$2:$B$83,0),1)) | G47: 予定
C48: =IF($B48="","",INDEX(PJ!$D:$D,MATCH(B48, PJ!$C:$C, 0))) | G48: 実績 | W48: =SUM(I48:V48) -> 0
A49: 18 | B49: =IF($B50="","",INDEX(PJ!$A:$A,MATCH(B50,PJ!$C:$C,0))) | C49: =IF($B50="","",INDEX(PJ!$B:$B,MATCH(B50, PJ!$C:$C, 0))) | D49: =IF(D50="","",INDEX(工種!$A$2:$A$83,MATCH(D50,工種!$B$2:$B$83,0),1)) | G49: 予定
C50: =IF($B50="","",INDEX(PJ!$D:$D,MATCH(B50, PJ!$C:$C, 0))) | G50: 実績 | W50: =SUM(I50:V50) -> 0
A51: 19 | B51: =IF($B52="","",INDEX(PJ!$A:$A,MATCH(B52,PJ!$C:$C,0))) | C51: =IF($B52="","",INDEX(PJ!$B:$B,MATCH(B52, PJ!$C:$C, 0))) | D51: =IF(D52="","",INDEX(工種!$A$2:$A$83,MATCH(D52,工種!$B$2:$B$83,0),1)) | G51: 予定
C52: =IF($B52="","",INDEX(PJ!$D:$D,MATCH(B52, PJ!$C:$C, 0))) | G52: 実績 | W52: =SUM(I52:V52) -> 0
A53: 20 | B53: =IF($B54="","",INDEX(PJ!$A:$A,MATCH(B54,PJ!$C:$C,0))) | C53: =IF($B54="","",INDEX(PJ!$B:$B,MATCH(B54, PJ!$C:$C, 0))) | D53: =IF(D54="","",INDEX(工種!$A$2:$A$83,MATCH(D54,工種!$B$2:$B$83,0),1)) | G53: 予定
C54: =IF($B54="","",INDEX(PJ!$D:$D,MATCH(B54, PJ!$C:$C, 0))) | G54: 実績 | W54: =SUM(I54:V54) -> 0
E57: 合計 | I57: =SUM(I16:J54) -> 0 | K57: =SUM(K16:L54) -> 0 | M57: =SUM(M16:N54) -> 0 | O57: =SUM(O16:P54) -> 0 | Q57: =SUM(Q16:R54) -> 0 | S57: =SUM(S16:T54) -> 0 | U57: =SUM(U16:V54) -> 0 | W57: =CEILING(SUM(W16:X54),"0:5") -> 0
E58: 勤務欄 （記入例：全休、午前休、午後休、遅刻xx分、早退xx分など）
A61: 内部問題 | I61: 対策
A68: 外部問題
A75: その他
B81: ・週間進捗状況報告書は、週次ミーティング時（または管理者の指示に従って）に、実績を記入したものと翌週の予定を記載したものを提出する。
B82: ・入力する欄はセルの白部分のみになります。色のついた部分は入力しないように願います。
B83: ・ファイルは一ヶ月単位で管理し、1週間で１シートとする。
B84: ・入力されたファイルは管理者が管理し、指定された場所に保管する。
B85: ・開発業務管理室への提出は、実績が記入されたものを出力し、押印して提出すること。（翌週の火曜日まで）
S86: ='1週'!S86 -> PJ20-1-2022-0624

Sheet 勤務報告書
G1: =月間集計シート!AI2 -> 2026 | H1: 年 | I1: =月間集計シート!AJ2 -> 7 | J1: 月度 勤務報告書
B3: 就業先 | C3: 会社名 | F3: 横河ソリューションサービス株式会社
C4: 組織単位 | F4: SI 開発部
C5: 就業場所 | F5: 〒105-0011東京都港区芝公園1丁目7-6 | M5: 社名 | N5: =(月間集計シート!$B$29) -> FPTジャパン
B6: 就業した業務 | F6: YOKO Portal 開発 | M6: 氏名 | N6: =(月間集計シート!$C$29)
B8: 日付 | C8: 曜日 | D8: ﾀｲﾌﾟ | E8: 休日 | F8: 休暇 | G8: 出勤時間 | H8: 退勤時間 | I8: 拘束時間 | J8: 休憩－ | K8: 遅早＋ | L8: 就業時間 | M8: 内深夜 | N8: 備 考 | R8: 検印 | T8: 西暦 | U8: 公休
B9: =DATE(T9,I1,1) -> 46204 | C9: =IF(B9<>"",WEEKDAY(B9),"") -> 4 | E9: =IF(U9<>"",U9,IF(C9=1,"公休",IF(C9=7,"公休",""))) | G9: =IF(VLOOKUP($B9,月間集計シート!$AI:$AN,3,FALSE)<>0,VLOOKUP($B9,月間集計シート!$AI:$AN,3,FALSE),"") -> 0.375 | H9: =IF(VLOOKUP($B9,月間集計シート!$AI:$AN,4,FALSE)<>0,VLOOKUP($B9,月間集計シート!$AI:$AN,4,FALSE),"") -> 0.79166667 | I9: =IF(G9="","",IF(H9="","",IF(HOUR(G9)+MINUTE(G9)/60<HOUR(H9)+MINUTE(H9)/60,(HOUR(H9)+MINUTE(H9)/60)-(HOUR(G9)+MINUTE(G9)/60),24-(HOUR(G9)+MINUTE(G9)/60)+(HOUR(H9)+MINUTE(H9)/60)))) -> 10 | J9: =IF(VLOOKUP($B9,月間集計シート!$AI:$AN,5,FALSE)<>0,VLOOKUP($B9,月間集計シート!$AI:$AN,5,FALSE)*24,"") -> 1 | L9: =IF(I9="","",IF(I9>=J9,I9-J9,I9)) -> 9 | T9: =月間集計シート!AI2 -> 2026
B10: =B9+1 -> 46205 | C10: =IF(B10<>"",WEEKDAY(B10),"") -> 5 | E10: =IF(U10<>"",U10,IF(C10=1,"公休",IF(C10=7,"公休",""))) | G10: =IF(VLOOKUP($B10,月間集計シート!$AI:$AN,3,FALSE)<>0,VLOOKUP($B10,月間集計シート!$AI:$AN,3,FALSE),"") -> 0.375 | H10: =IF(VLOOKUP($B10,月間集計シート!$AI:$AN,4,FALSE)<>0,VLOOKUP($B10,月間集計シート!$AI:$AN,4,FALSE),"") -> 0.79166667 | I10: =IF(G10="","",IF(H10="","",IF(HOUR(G10)+MINUTE(G10)/60<HOUR(H10)+MINUTE(H10)/60,(HOUR(H10)+MINUTE(H10)/60)-(HOUR(G10)+MINUTE(G10)/60),24-(HOUR(G10)+MINUTE(G10)/60)+(HOUR(H10)+MINUTE(H10)/60)))) -> 10 | J10: =IF(VLOOKUP($B10,月間集計シート!$AI:$AN,5,FALSE)<>0,VLOOKUP($B10,月間集計シート!$AI:$AN,5,FALSE)*24,"") -> 1 | L10: =IF(I10="","",IF(I10>=J10,I10-J10,I10)) -> 9
B11: =B10+1 -> 46206 | C11: =IF(B11<>"",WEEKDAY(B11),"") -> 6 | E11: =IF(U11<>"",U11,IF(C11=1,"公休",IF(C11=7,"公休",""))) | G11: =IF(VLOOKUP($B11,月間集計シート!$AI:$AN,3,FALSE)<>0,VLOOKUP($B11,月間集計シート!$AI:$AN,3,FALSE),"") -> 0.375 | H11: =IF(VLOOKUP($B11,月間集計シート!$AI:$AN,4,FALSE)<>0,VLOOKUP($B11,月間集計シート!$AI:$AN,4,FALSE),"") -> 0.79166667 | I11: =IF(G11="","",IF(H11="","",IF(HOUR(G11)+MINUTE(G11)/60<HOUR(H11)+MINUTE(H11)/60,(HOUR(H11)+MINUTE(H11)/60)-(HOUR(G11)+MINUTE(G11)/60),24-(HOUR(G11)+MINUTE(G11)/60)+(HOUR(H11)+MINUTE(H11)/60)))) -> 10 | J11: =IF(VLOOKUP($B11,月間集計シート!$AI:$AN,5,FALSE)<>0,VLOOKUP($B11,月間集計シート!$AI:$AN,5,FALSE)*24,"") -> 1 | L11: =IF(I11="","",IF(I11>=J11,I11-J11,I11)) -> 9 | N11: リモート
B12: =B11+1 -> 46207 | C12: =IF(B12<>"",WEEKDAY(B12),"") -> 7 | E12: =IF(U12<>"",U12,IF(C12=1,"公休",IF(C12=7,"公休",""))) -> 公休 | G12: =IF(VLOOKUP($B12,月間集計シート!$AI:$AN,3,FALSE)<>0,VLOOKUP($B12,月間集計シート!$AI:$AN,3,FALSE),"") | H12: =IF(VLOOKUP($B12,月間集計シート!$AI:$AN,4,FALSE)<>0,VLOOKUP($B12,月間集計シート!$AI:$AN,4,FALSE),"") | I12: =IF(G12="","",IF(H12="","",IF(HOUR(G12)+MINUTE(G12)/60<HOUR(H12)+MINUTE(H12)/60,(HOUR(H12)+MINUTE(H12)/60)-(HOUR(G12)+MINUTE(G12)/60),24-(HOUR(G12)+MINUTE(G12)/60)+(HOUR(H12)+MINUTE(H12)/60)))) | J12: =IF(VLOOKUP($B12,月間集計シート!$AI:$AN,5,FALSE)<>0,VLOOKUP($B12,月間集計シート!$AI:$AN,5,FALSE)*24,"") | L12: =IF(I12="","",IF(I12>=J12,I12-J12,I12))
B13: =B12+1 -> 46208 | C13: =IF(B13<>"",WEEKDAY(B13),"") -> 1 | E13: =IF(U13<>"",U13,IF(C13=1,"公休",IF(C13=7,"公休",""))) -> 公休 | G13: =IF(VLOOKUP($B13,月間集計シート!$AI:$AN,3,FALSE)<>0,VLOOKUP($B13,月間集計シート!$AI:$AN,3,FALSE),"") | H13: =IF(VLOOKUP($B13,月間集計シート!$AI:$AN,4,FALSE)<>0,VLOOKUP($B13,月間集計シート!$AI:$AN,4,FALSE),"") | I13: =IF(G13="","",IF(H13="","",IF(HOUR(G13)+MINUTE(G13)/60<HOUR(H13)+MINUTE(H13)/60,(HOUR(H13)+MINUTE(H13)/60)-(HOUR(G13)+MINUTE(G13)/60),24-(HOUR(G13)+MINUTE(G13)/60)+(HOUR(H13)+MINUTE(H13)/60)))) | J13: =IF(VLOOKUP($B13,月間集計シート!$AI:$AN,5,FALSE)<>0,VLOOKUP($B13,月間集計シート!$AI:$AN,5,FALSE)*24,"") | L13: =IF(I13="","",IF(I13>=J13,I13-J13,I13))
B14: =B13+1 -> 46209 | C14: =IF(B14<>"",WEEKDAY(B14),"") -> 2 | E14: =IF(U14<>"",U14,IF(C14=1,"公休",IF(C14=7,"公休",""))) | G14: =IF(VLOOKUP($B14,月間集計シート!$AI:$AN,3,FALSE)<>0,VLOOKUP($B14,月間集計シート!$AI:$AN,3,FALSE),"") -> 0.375 | H14: =IF(VLOOKUP($B14,月間集計シート!$AI:$AN,4,FALSE)<>0,VLOOKUP($B14,月間集計シート!$AI:$AN,4,FALSE),"") -> 0.79166667 | I14: =IF(G14="","",IF(H14="","",IF(HOUR(G14)+MINUTE(G14)/60<HOUR(H14)+MINUTE(H14)/60,(HOUR(H14)+MINUTE(H14)/60)-(HOUR(G14)+MINUTE(G14)/60),24-(HOUR(G14)+MINUTE(G14)/60)+(HOUR(H14)+MINUTE(H14)/60)))) -> 10 | J14: =IF(VLOOKUP($B14,月間集計シート!$AI:$AN,5,FALSE)<>0,VLOOKUP($B14,月間集計シート!$AI:$AN,5,FALSE)*24,"") -> 1 | L14: =IF(I14="","",IF(I14>=J14,I14-J14,I14)) -> 9
B15: =B14+1 -> 46210 | C15: =IF(B15<>"",WEEKDAY(B15),"") -> 3 | E15: =IF(U15<>"",U15,IF(C15=1,"公休",IF(C15=7,"公休",""))) | G15: =IF(VLOOKUP($B15,月間集計シート!$AI:$AN,3,FALSE)<>0,VLOOKUP($B15,月間集計シート!$AI:$AN,3,FALSE),"") -> 0.375 | H15: =IF(VLOOKUP($B15,月間集計シート!$AI:$AN,4,FALSE)<>0,VLOOKUP($B15,月間集計シート!$AI:$AN,4,FALSE),"") -> 0.79166667 | I15: =IF(G15="","",IF(H15="","",IF(HOUR(G15)+MINUTE(G15)/60<HOUR(H15)+MINUTE(H15)/60,(HOUR(H15)+MINUTE(H15)/60)-(HOUR(G15)+MINUTE(G15)/60),24-(HOUR(G15)+MINUTE(G15)/60)+(HOUR(H15)+MINUTE(H15)/60)))) -> 10 | J15: =IF(VLOOKUP($B15,月間集計シート!$AI:$AN,5,FALSE)<>0,VLOOKUP($B15,月間集計シート!$AI:$AN,5,FALSE)*24,"") -> 1 | L15: =IF(I15="","",IF(I15>=J15,I15-J15,I15)) -> 9
B16: =B15+1 -> 46211 | C16: =IF(B16<>"",WEEKDAY(B16),"") -> 4 | E16: =IF(U16<>"",U16,IF(C16=1,"公休",IF(C16=7,"公休",""))) | G16: =IF(VLOOKUP($B16,月間集計シート!$AI:$AN,3,FALSE)<>0,VLOOKUP($B16,月間集計シート!$AI:$AN,3,FALSE),"") -> 0.375 | H16: =IF(VLOOKUP($B16,月間集計シート!$AI:$AN,4,FALSE)<>0,VLOOKUP($B16,月間集計シート!$AI:$AN,4,FALSE),"") -> 0.79166667 | I16: =IF(G16="","",IF(H16="","",IF(HOUR(G16)+MINUTE(G16)/60<HOUR(H16)+MINUTE(H16)/60,(HOUR(H16)+MINUTE(H16)/60)-(HOUR(G16)+MINUTE(G16)/60),24-(HOUR(G16)+MINUTE(G16)/60)+(HOUR(H16)+MINUTE(H16)/60)))) -> 10 | J16: =IF(VLOOKUP($B16,月間集計シート!$AI:$AN,5,FALSE)<>0,VLOOKUP($B16,月間集計シート!$AI:$AN,5,FALSE)*24,"") -> 1 | L16: =IF(I16="","",IF(I16>=J16,I16-J16,I16)) -> 9
B17: =B16+1 -> 46212 | C17: =IF(B17<>"",WEEKDAY(B17),"") -> 5 | E17: =IF(U17<>"",U17,IF(C17=1,"公休",IF(C17=7,"公休",""))) | G17: =IF(VLOOKUP($B17,月間集計シート!$AI:$AN,3,FALSE)<>0,VLOOKUP($B17,月間集計シート!$AI:$AN,3,FALSE),"") -> 0.375 | H17: =IF(VLOOKUP($B17,月間集計シート!$AI:$AN,4,FALSE)<>0,VLOOKUP($B17,月間集計シート!$AI:$AN,4,FALSE),"") -> 0.79166667 | I17: =IF(G17="","",IF(H17="","",IF(HOUR(G17)+MINUTE(G17)/60<HOUR(H17)+MINUTE(H17)/60,(HOUR(H17)+MINUTE(H17)/60)-(HOUR(G17)+MINUTE(G17)/60),24-(HOUR(G17)+MINUTE(G17)/60)+(HOUR(H17)+MINUTE(H17)/60)))) -> 10 | J17: =IF(VLOOKUP($B17,月間集計シート!$AI:$AN,5,FALSE)<>0,VLOOKUP($B17,月間集計シート!$AI:$AN,5,FALSE)*24,"") -> 1 | L17: =IF(I17="","",IF(I17>=J17,I17-J17,I17)) -> 9
B18: =B17+1 -> 46213 | C18: =IF(B18<>"",WEEKDAY(B18),"") -> 6 | E18: =IF(U18<>"",U18,IF(C18=1,"公休",IF(C18=7,"公休",""))) | G18: =IF(VLOOKUP($B18,月間集計シート!$AI:$AN,3,FALSE)<>0,VLOOKUP($B18,月間集計シート!$AI:$AN,3,FALSE),"") -> 0.375 | H18: =IF(VLOOKUP($B18,月間集計シート!$AI:$AN,4,FALSE)<>0,VLOOKUP($B18,月間集計シート!$AI:$AN,4,FALSE),"") -> 0.79166667 | I18: =IF(G18="","",IF(H18="","",IF(HOUR(G18)+MINUTE(G18)/60<HOUR(H18)+MINUTE(H18)/60,(HOUR(H18)+MINUTE(H18)/60)-(HOUR(G18)+MINUTE(G18)/60),24-(HOUR(G18)+MINUTE(G18)/60)+(HOUR(H18)+MINUTE(H18)/60)))) -> 10 | J18: =IF(VLOOKUP($B18,月間集計シート!$AI:$AN,5,FALSE)<>0,VLOOKUP($B18,月間集計シート!$AI:$AN,5,FALSE)*24,"") -> 1 | L18: =IF(I18="","",IF(I18>=J18,I18-J18,I18)) -> 9
B19: =B18+1 -> 46214 | C19: =IF(B19<>"",WEEKDAY(B19),"") -> 7 | E19: =IF(U19<>"",U19,IF(C19=1,"公休",IF(C19=7,"公休",""))) -> 公休 | G19: =IF(VLOOKUP($B19,月間集計シート!$AI:$AN,3,FALSE)<>0,VLOOKUP($B19,月間集計シート!$AI:$AN,3,FALSE),"") | H19: =IF(VLOOKUP($B19,月間集計シート!$AI:$AN,4,FALSE)<>0,VLOOKUP($B19,月間集計シート!$AI:$AN,4,FALSE),"") | I19: =IF(G19="","",IF(H19="","",IF(HOUR(G19)+MINUTE(G19)/60<HOUR(H19)+MINUTE(H19)/60,(HOUR(H19)+MINUTE(H19)/60)-(HOUR(G19)+MINUTE(G19)/60),24-(HOUR(G19)+MINUTE(G19)/60)+(HOUR(H19)+MINUTE(H19)/60)))) | J19: =IF(VLOOKUP($B19,月間集計シート!$AI:$AN,5,FALSE)<>0,VLOOKUP($B19,月間集計シート!$AI:$AN,5,FALSE)*24,"") | L19: =IF(I19="","",IF(I19>=J19,I19-J19,I19))
B20: =B19+1 -> 46215 | C20: =IF(B20<>"",WEEKDAY(B20),"") -> 1 | E20: =IF(U20<>"",U20,IF(C20=1,"公休",IF(C20=7,"公休",""))) -> 公休 | G20: =IF(VLOOKUP($B20,月間集計シート!$AI:$AN,3,FALSE)<>0,VLOOKUP($B20,月間集計シート!$AI:$AN,3,FALSE),"") | H20: =IF(VLOOKUP($B20,月間集計シート!$AI:$AN,4,FALSE)<>0,VLOOKUP($B20,月間集計シート!$AI:$AN,4,FALSE),"") | I20: =IF(G20="","",IF(H20="","",IF(HOUR(G20)+MINUTE(G20)/60<HOUR(H20)+MINUTE(H20)/60,(HOUR(H20)+MINUTE(H20)/60)-(HOUR(G20)+MINUTE(G20)/60),24-(HOUR(G20)+MINUTE(G20)/60)+(HOUR(H20)+MINUTE(H20)/60)))) | J20: =IF(VLOOKUP($B20,月間集計シート!$AI:$AN,5,FALSE)<>0,VLOOKUP($B20,月間集計シート!$AI:$AN,5,FALSE)*24,"") | L20: =IF(I20="","",IF(I20>=J20,I20-J20,I20))
B21: =B20+1 -> 46216 | C21: =IF(B21<>"",WEEKDAY(B21),"") -> 2 | E21: =IF(U21<>"",U21,IF(C21=1,"公休",IF(C21=7,"公休",""))) | G21: =IF(VLOOKUP($B21,月間集計シート!$AI:$AN,3,FALSE)<>0,VLOOKUP($B21,月間集計シート!$AI:$AN,3,FALSE),"") -> 0.375 | H21: =IF(VLOOKUP($B21,月間集計シート!$AI:$AN,4,FALSE)<>0,VLOOKUP($B21,月間集計シート!$AI:$AN,4,FALSE),"") -> 0.79166667 | I21: =IF(G21="","",IF(H21="","",IF(HOUR(G21)+MINUTE(G21)/60<HOUR(H21)+MINUTE(H21)/60,(HOUR(H21)+MINUTE(H21)/60)-(HOUR(G21)+MINUTE(G21)/60),24-(HOUR(G21)+MINUTE(G21)/60)+(HOUR(H21)+MINUTE(H21)/60)))) -> 10 | J21: =IF(VLOOKUP($B21,月間集計シート!$AI:$AN,5,FALSE)<>0,VLOOKUP($B21,月間集計シート!$AI:$AN,5,FALSE)*24,"") -> 1 | L21: =IF(I21="","",IF(I21>=J21,I21-J21,I21)) -> 9
B22: =B21+1 -> 46217 | C22: =IF(B22<>"",WEEKDAY(B22),"") -> 3 | E22: =IF(U22<>"",U22,IF(C22=1,"公休",IF(C22=7,"公休",""))) | G22: =IF(VLOOKUP($B22,月間集計シート!$AI:$AN,3,FALSE)<>0,VLOOKUP($B22,月間集計シート!$AI:$AN,3,FALSE),"") -> 0.375 | H22: =IF(VLOOKUP($B22,月間集計シート!$AI:$AN,4,FALSE)<>0,VLOOKUP($B22,月間集計シート!$AI:$AN,4,FALSE),"") -> 0.79166667 | I22: =IF(G22="","",IF(H22="","",IF(HOUR(G22)+MINUTE(G22)/60<HOUR(H22)+MINUTE(H22)/60,(HOUR(H22)+MINUTE(H22)/60)-(HOUR(G22)+MINUTE(G22)/60),24-(HOUR(G22)+MINUTE(G22)/60)+(HOUR(H22)+MINUTE(H22)/60)))) -> 10 | J22: =IF(VLOOKUP($B22,月間集計シート!$AI:$AN,5,FALSE)<>0,VLOOKUP($B22,月間集計シート!$AI:$AN,5,FALSE)*24,"") -> 1 | L22: =IF(I22="","",IF(I22>=J22,I22-J22,I22)) -> 9
B23: =B22+1 -> 46218 | C23: =IF(B23<>"",WEEKDAY(B23),"") -> 4 | E23: =IF(U23<>"",U23,IF(C23=1,"公休",IF(C23=7,"公休",""))) | G23: =IF(VLOOKUP($B23,月間集計シート!$AI:$AN,3,FALSE)<>0,VLOOKUP($B23,月間集計シート!$AI:$AN,3,FALSE),"") -> 0.375 | H23: =IF(VLOOKUP($B23,月間集計シート!$AI:$AN,4,FALSE)<>0,VLOOKUP($B23,月間集計シート!$AI:$AN,4,FALSE),"") -> 0.79166667 | I23: =IF(G23="","",IF(H23="","",IF(HOUR(G23)+MINUTE(G23)/60<HOUR(H23)+MINUTE(H23)/60,(HOUR(H23)+MINUTE(H23)/60)-(HOUR(G23)+MINUTE(G23)/60),24-(HOUR(G23)+MINUTE(G23)/60)+(HOUR(H23)+MINUTE(H23)/60)))) -> 10 | J23: =IF(VLOOKUP($B23,月間集計シート!$AI:$AN,5,FALSE)<>0,VLOOKUP($B23,月間集計シート!$AI:$AN,5,FALSE)*24,"") -> 1 | L23: =IF(I23="","",IF(I23>=J23,I23-J23,I23)) -> 9
... B27: =B26+1 -> 46222 | C27: =IF(B27<>"",WEEKDAY(B27),"") -> 1 | E27: =IF(U27<>"",U27,IF(C27=1,"公休",IF(C27=7,"公休",""))) -> 公休 | G27: =IF(VLOOKUP($B27,月間集計シート!$AI:$AN,3,FALSE)<>0,VLOOKUP($B27,月間集計シート!$AI:$AN,3,FALSE),"") | H27: =IF(VLOOKUP($B27,月間集計シート!$AI:$AN,4,FALSE)<>0,VLOOKUP($B27,月間集計シート!$AI:$AN,4,FALSE),"") | I27: =IF(G27="","",IF(H27="","",IF(HOUR(G27)+MINUTE(G27)/60<HOUR(H27)+MINUTE(H27)/60,(HOUR(H27)+MINUTE(H27)/60)-(HOUR(G27)+MINUTE(G27)/60),24-(HOUR(G27)+MINUTE(G27)/60)+(HOUR(H27)+MINUTE(H27)/60)))) | J27: =IF(VLOOKUP($B27,月間集計シート!$AI:$AN,5,FALSE)<>0,VLOOKUP($B27,月間集計シート!$AI:$AN,5,FALSE)*24,"") | L27: =IF(I27="","",IF(I27>=J27,I27-J27,I27))
B28: =B27+1 -> 46223 | C28: =IF(B28<>"",WEEKDAY(B28),"") -> 2 | E28: =IF(U28<>"",U28,IF(C28=1,"公休",IF(C28=7,"公休",""))) -> 公休 | G28: =IF(VLOOKUP($B28,月間集計シート!$AI:$AN,3,FALSE)<>0,VLOOKUP($B28,月間集計シート!$AI:$AN,3,FALSE),"") -> 0.375 | H28: =IF(VLOOKUP($B28,月間集計シート!$AI:$AN,4,FALSE)<>0,VLOOKUP($B28,月間集計シート!$AI:$AN,4,FALSE),"") -> 0.79166667 | I28: =IF(G28="","",IF(H28="","",IF(HOUR(G28)+MINUTE(G28)/60<HOUR(H28)+MINUTE(H28)/60,(HOUR(H28)+MINUTE(H28)/60)-(HOUR(G28)+MINUTE(G28)/60),24-(HOUR(G28)+MINUTE(G28)/60)+(HOUR(H28)+MINUTE(H28)/60)))) -> 10 | J28: =IF(VLOOKUP($B28,月間集計シート!$AI:$AN,5,FALSE)<>0,VLOOKUP($B28,月間集計シート!$AI:$AN,5,FALSE)*24,"") -> 1 | L28: =IF(I28="","",IF(I28>=J28,I28-J28,I28)) -> 9 | U28: 公休
B29: =B28+1 -> 46224 | C29: =IF(B29<>"",WEEKDAY(B29),"") -> 3 | E29: =IF(U29<>"",U29,IF(C29=1,"公休",IF(C29=7,"公休",""))) | G29: =IF(VLOOKUP($B29,月間集計シート!$AI:$AN,3,FALSE)<>0,VLOOKUP($B29,月間集計シート!$AI:$AN,3,FALSE),"") -> 0.375 | H29: =IF(VLOOKUP($B29,月間集計シート!$AI:$AN,4,FALSE)<>0,VLOOKUP($B29,月間集計シート!$AI:$AN,4,FALSE),"") -> 0.79166667 | I29: =IF(G29="","",IF(H29="","",IF(HOUR(G29)+MINUTE(G29)/60<HOUR(H29)+MINUTE(H29)/60,(HOUR(H29)+MINUTE(H29)/60)-(HOUR(G29)+MINUTE(G29)/60),24-(HOUR(G29)+MINUTE(G29)/60)+(HOUR(H29)+MINUTE(H29)/60)))) -> 10 | J29: =IF(VLOOKUP($B29,月間集計シート!$AI:$AN,5,FALSE)<>0,VLOOKUP($B29,月間集計シート!$AI:$AN,5,FALSE)*24,"") -> 1 | L29: =IF(I29="","",IF(I29>=J29,I29-J29,I29)) -> 9
B30: =B29+1 -> 46225 | C30: =IF(B30<>"",WEEKDAY(B30),"") -> 4 | E30: =IF(U30<>"",U30,IF(C30=1,"公休",IF(C30=7,"公休",""))) | G30: =IF(VLOOKUP($B30,月間集計シート!$AI:$AN,3,FALSE)<>0,VLOOKUP($B30,月間集計シート!$AI:$AN,3,FALSE),"") -> 0.375 | H30: =IF(VLOOKUP($B30,月間集計シート!$AI:$AN,4,FALSE)<>0,VLOOKUP($B30,月間集計シート!$AI:$AN,4,FALSE),"") -> 0.79166667 | I30: =IF(G30="","",IF(H30="","",IF(HOUR(G30)+MINUTE(G30)/60<HOUR(H30)+MINUTE(H30)/60,(HOUR(H30)+MINUTE(H30)/60)-(HOUR(G30)+MINUTE(G30)/60),24-(HOUR(G30)+MINUTE(G30)/60)+(HOUR(H30)+MINUTE(H30)/60)))) -> 10 | J30: =IF(VLOOKUP($B30,月間集計シート!$AI:$AN,5,FALSE)<>0,VLOOKUP($B30,月間集計シート!$AI:$AN,5,FALSE)*24,"") -> 1 | L30: =IF(I30="","",IF(I30>=J30,I30-J30,I30)) -> 9
B31: =B30+1 -> 46226 | C31: =IF(B31<>"",WEEKDAY(B31),"") -> 5 | E31: =IF(U31<>"",U31,IF(C31=1,"公休",IF(C31=7,"公休",""))) | G31: =IF(VLOOKUP($B31,月間集計シート!$AI:$AN,3,FALSE)<>0,VLOOKUP($B31,月間集計シート!$AI:$AN,3,FALSE),"") -> 0.375 | H31: =IF(VLOOKUP($B31,月間集計シート!$AI:$AN,4,FALSE)<>0,VLOOKUP($B31,月間集計シート!$AI:$AN,4,FALSE),"") -> 0.79166667 | I31: =IF(G31="","",IF(H31="","",IF(HOUR(G31)+MINUTE(G31)/60<HOUR(H31)+MINUTE(H31)/60,(HOUR(H31)+MINUTE(H31)/60)-(HOUR(G31)+MINUTE(G31)/60),24-(HOUR(G31)+MINUTE(G31)/60)+(HOUR(H31)+MINUTE(H31)/60)))) -> 10 | J31: =IF(VLOOKUP($B31,月間集計シート!$AI:$AN,5,FALSE)<>0,VLOOKUP($B31,月間集計シート!$AI:$AN,5,FALSE)*24,"") -> 1 | L31: =IF(I31="","",IF(I31>=J31,I31-J31,I31)) -> 9
B32: =B31+1 -> 46227 | C32: =IF(B32<>"",WEEKDAY(B32),"") -> 6 | E32: =IF(U32<>"",U32,IF(C32=1,"公休",IF(C32=7,"公休",""))) | G32: =IF(VLOOKUP($B32,月間集計シート!$AI:$AN,3,FALSE)<>0,VLOOKUP($B32,月間集計シート!$AI:$AN,3,FALSE),"") -> 0.375 | H32: =IF(VLOOKUP($B32,月間集計シート!$AI:$AN,4,FALSE)<>0,VLOOKUP($B32,月間集計シート!$AI:$AN,4,FALSE),"") -> 0.79166667 | I32: =IF(G32="","",IF(H32="","",IF(HOUR(G32)+MINUTE(G32)/60<HOUR(H32)+MINUTE(H32)/60,(HOUR(H32)+MINUTE(H32)/60)-(HOUR(G32)+MINUTE(G32)/60),24-(HOUR(G32)+MINUTE(G32)/60)+(HOUR(H32)+MINUTE(H32)/60)))) -> 10 | J32: =IF(VLOOKUP($B32,月間集計シート!$AI:$AN,5,FALSE)<>0,VLOOKUP($B32,月間集計シート!$AI:$AN,5,FALSE)*24,"") -> 1 | L32: =IF(I32="","",IF(I32>=J32,I32-J32,I32)) -> 9
B33: =B32+1 -> 46228 | C33: =IF(B33<>"",WEEKDAY(B33),"") -> 7 | E33: =IF(U33<>"",U33,IF(C33=1,"公休",IF(C33=7,"公休",""))) -> 公休 | G33: =IF(VLOOKUP($B33,月間集計シート!$AI:$AN,3,FALSE)<>0,VLOOKUP($B33,月間集計シート!$AI:$AN,3,FALSE),"") | H33: =IF(VLOOKUP($B33,月間集計シート!$AI:$AN,4,FALSE)<>0,VLOOKUP($B33,月間集計シート!$AI:$AN,4,FALSE),"") | I33: =IF(G33="","",IF(H33="","",IF(HOUR(G33)+MINUTE(G33)/60<HOUR(H33)+MINUTE(H33)/60,(HOUR(H33)+MINUTE(H33)/60)-(HOUR(G33)+MINUTE(G33)/60),24-(HOUR(G33)+MINUTE(G33)/60)+(HOUR(H33)+MINUTE(H33)/60)))) | J33: =IF(VLOOKUP($B33,月間集計シート!$AI:$AN,5,FALSE)<>0,VLOOKUP($B33,月間集計シート!$AI:$AN,5,FALSE)*24,"") | L33: =IF(I33="","",IF(I33>=J33,I33-J33,I33))
B34: =B33+1 -> 46229 | C34: =IF(B34<>"",WEEKDAY(B34),"") -> 1 | E34: =IF(U34<>"",U34,IF(C34=1,"公休",IF(C34=7,"公休",""))) -> 公休 | G34: =IF(VLOOKUP($B34,月間集計シート!$AI:$AN,3,FALSE)<>0,VLOOKUP($B34,月間集計シート!$AI:$AN,3,FALSE),"") | H34: =IF(VLOOKUP($B34,月間集計シート!$AI:$AN,4,FALSE)<>0,VLOOKUP($B34,月間集計シート!$AI:$AN,4,FALSE),"") | I34: =IF(G34="","",IF(H34="","",IF(HOUR(G34)+MINUTE(G34)/60<HOUR(H34)+MINUTE(H34)/60,(HOUR(H34)+MINUTE(H34)/60)-(HOUR(G34)+MINUTE(G34)/60),24-(HOUR(G34)+MINUTE(G34)/60)+(HOUR(H34)+MINUTE(H34)/60)))) | J34: =IF(VLOOKUP($B34,月間集計シート!$AI:$AN,5,FALSE)<>0,VLOOKUP($B34,月間集計シート!$AI:$AN,5,FALSE)*24,"") | L34: =IF(I34="","",IF(I34>=J34,I34-J34,I34))
B35: =B34+1 -> 46230 | C35: =IF(B35<>"",WEEKDAY(B35),"") -> 2 | E35: =IF(U35<>"",U35,IF(C35=1,"公休",IF(C35=7,"公休",""))) | G35: =IF(VLOOKUP($B35,月間集計シート!$AI:$AN,3,FALSE)<>0,VLOOKUP($B35,月間集計シート!$AI:$AN,3,FALSE),"") -> 0.375 | H35: =IF(VLOOKUP($B35,月間集計シート!$AI:$AN,4,FALSE)<>0,VLOOKUP($B35,月間集計シート!$AI:$AN,4,FALSE),"") -> 0.79166667 | I35: =IF(G35="","",IF(H35="","",IF(HOUR(G35)+MINUTE(G35)/60<HOUR(H35)+MINUTE(H35)/60,(HOUR(H35)+MINUTE(H35)/60)-(HOUR(G35)+MINUTE(G35)/60),24-(HOUR(G35)+MINUTE(G35)/60)+(HOUR(H35)+MINUTE(H35)/60)))) -> 10 | J35: =IF(VLOOKUP($B35,月間集計シート!$AI:$AN,5,FALSE)<>0,VLOOKUP($B35,月間集計シート!$AI:$AN,5,FALSE)*24,"") -> 1 | L35: =IF(I35="","",IF(I35>=J35,I35-J35,I35)) -> 9
B36: =B35+1 -> 46231 | C36: =IF(B36<>"",WEEKDAY(B36),"") -> 3 | E36: =IF(U36<>"",U36,IF(C36=1,"公休",IF(C36=7,"公休",""))) | G36: =IF(VLOOKUP($B36,月間集計シート!$AI:$AN,3,FALSE)<>0,VLOOKUP($B36,月間集計シート!$AI:$AN,3,FALSE),"") -> 0.375 | H36: =IF(VLOOKUP($B36,月間集計シート!$AI:$AN,4,FALSE)<>0,VLOOKUP($B36,月間集計シート!$AI:$AN,4,FALSE),"") -> 0.79166667 | I36: =IF(G36="","",IF(H36="","",IF(HOUR(G36)+MINUTE(G36)/60<HOUR(H36)+MINUTE(H36)/60,(HOUR(H36)+MINUTE(H36)/60)-(HOUR(G36)+MINUTE(G36)/60),24-(HOUR(G36)+MINUTE(G36)/60)+(HOUR(H36)+MINUTE(H36)/60)))) -> 10 | J36: =IF(VLOOKUP($B36,月間集計シート!$AI:$AN,5,FALSE)<>0,VLOOKUP($B36,月間集計シート!$AI:$AN,5,FALSE)*24,"") -> 1 | L36: =IF(I36="","",IF(I36>=J36,I36-J36,I36)) -> 9
B37: =IF(MONTH(B36+1)=I1,B36+1,"") -> 46232 | C37: =IF(B37<>"",WEEKDAY(B37),"") -> 4 | E37: =IF(U37<>"",U37,IF(C37=1,"公休",IF(C37=7,"公休",""))) | G37: =IF(ISNA(VLOOKUP($B37,月間集計シート!$AI:$AN,3,FALSE)),"",IF(VLOOKUP($B37,月間集計シート!$AI:$AN,3,FALSE)<>0,VLOOKUP($B37,月間集計シート!$AI:$AN,3,FALSE),"")) | H37: =IF(ISNA(VLOOKUP($B37,月間集計シート!$AI:$AN,4,FALSE)),"",IF(VLOOKUP($B37,月間集計シート!$AI:$AN,4,FALSE)<>0,VLOOKUP($B37,月間集計シート!$AI:$AN,4,FALSE),"")) | I37: =IF(G37="","",IF(H37="","",IF(HOUR(G37)+MINUTE(G37)/60<HOUR(H37)+MINUTE(H37)/60,(HOUR(H37)+MINUTE(H37)/60)-(HOUR(G37)+MINUTE(G37)/60),24-(HOUR(G37)+MINUTE(G37)/60)+(HOUR(H37)+MINUTE(H37)/60)))) | J37: =IF(VLOOKUP($B37,月間集計シート!$AI:$AN,5,FALSE)<>0,VLOOKUP($B37,月間集計シート!$AI:$AN,5,FALSE)*24,"") | L37: =IF(I37="","",IF(I37>=J37,I37-J37,I37))
B38: =IF(MONTH(B36+2)=I1,B37+1,"") -> 46233 | C38: =IF(B38<>"",WEEKDAY(B38),"") -> 5 | E38: =IF(U38<>"",U38,IF(C38=1,"公休",IF(C38=7,"公休",""))) | G38: =IF(ISNA(VLOOKUP($B38,月間集計シート!$AI:$AN,3,FALSE)),"",IF(VLOOKUP($B38,月間集計シート!$AI:$AN,3,FALSE)<>0,VLOOKUP($B38,月間集計シート!$AI:$AN,3,FALSE),"")) | H38: =IF(ISNA(VLOOKUP($B38,月間集計シート!$AI:$AN,4,FALSE)),"",IF(VLOOKUP($B38,月間集計シート!$AI:$AN,4,FALSE)<>0,VLOOKUP($B38,月間集計シート!$AI:$AN,4,FALSE),"")) | I38: =IF(G38="","",IF(H38="","",IF(HOUR(G38)+MINUTE(G38)/60<HOUR(H38)+MINUTE(H38)/60,(HOUR(H38)+MINUTE(H38)/60)-(HOUR(G38)+MINUTE(G38)/60),24-(HOUR(G38)+MINUTE(G38)/60)+(HOUR(H38)+MINUTE(H38)/60)))) | J38: =IF(VLOOKUP($B38,月間集計シート!$AI:$AN,5,FALSE)<>0,VLOOKUP($B38,月間集計シート!$AI:$AN,5,FALSE)*24,"") | L38: =IF(I38="","",IF(I38>=J38,I38-J38,I38))
G39: =IF(ISNA(VLOOKUP($B39,月間集計シート!$AI:$AN,3,FALSE)),"",IF(VLOOKUP($B39,月間集計シート!$AI:$AN,3,FALSE)<>0,VLOOKUP($B39,月間集計シート!$AI:$AN,3,FALSE),"")) | H39: =IF(ISNA(VLOOKUP($B39,月間集計シート!$AI:$AN,4,FALSE)),"",IF(VLOOKUP($B39,月間集計シート!$AI:$AN,4,FALSE)<>0,VLOOKUP($B39,月間集計シート!$AI:$AN,4,FALSE),"")) | I39: =IF(G39="","",IF(H39="","",IF(HOUR(G39)+MINUTE(G39)/60<HOUR(H39)+MINUTE(H39)/60,(HOUR(H39)+MINUTE(H39)/60)-(HOUR(G39)+MINUTE(G39)/60),24-(HOUR(G39)+MINUTE(G39)/60)+(HOUR(H39)+MINUTE(H39)/60)))) | J39: =IF(VLOOKUP($B39,月間集計シート!$AI:$AN,5,FALSE)<>0,VLOOKUP($B39,月間集計シート!$AI:$AN,5,FALSE)*24,"") -> #N/A | L39: =IF(I39="","",IF(I39>=J39,I39-J39,I39))
B40: 合 計 | M40: ③ | T40: =月間集計シート!AN46*24 -> 198
E41: ① | F41: =31-COUNTIF(E9:E39,"") -> 9 | L41: =SUM(L9:L39) -> 180 | M41: =SUM(M9:M39) -> 0 | T41: =月間集計シート!U28*24 -> 199.5
B44: {暦日数－(休日数①)}×7.5＝所定勤務時間数
B45: ="{ " & DAY(DATE(T9,I1+1,1)-1) & " －(① " & F41 & " )}×7.5＝ " & TEXT((DAY(DATE(T9,I1+1,1)-1)-F41)*7.5,"0.00") -> { 31 －(① 9 )}×7.5＝ 165.00
B46: ②就業時間－所定勤務時間数＝残業時間数 | Q46: ＴＯＴＡＬ
B47: ② | C47: =L41 -> 180 | E47: － | G47: =(DAY(DATE(T9,I1+1,1)-1)-F41)*7.5 -> 165 | H47: ＝ | I47: =C47-G47 -> 15 | Q47: =I47 -> 15
B50: ※休日欄記入項目ー公休・代休・公出 | O50: 部長 | Q50: 所属上長
B51: ※休暇欄記入項目＝有給休暇・特別休暇・慶弔休暇・病気欠勤・出産休暇
B52: 生理休暇・無届欠勤・事故都合欠勤・業務上災害休暇
B53: ※所定就業時間算出方法＝拘束時間－休憩時間＋遅刻早退時間
P54: ='1週'!S86 -> PJ20-1-2022-0624

Sheet 会社名
A1: 会社コード | B1: 会社名 | C1: 備考
A2: 10001 | B2: FPTソフトウェア
A3: 10000 | B3: FPTジャパン

Sheet 氏名
A1: 支払先コード | B1: 会社名 | C1: Role | D1: 氏名
A2: 87990 | B2: FPTジャパン | C2: PM | D2: Nguyen Quoc Bao | E2: 日本
A3: 87990 | B3: FPTジャパン | C3: Consuitant | D3: 浅井 あき​ | E3: 日本
A4: 87990 | B4: FPTジャパン | C4: BA | D4: 大友 光理​ | E4: 日本
A5: 87990 | B5: FPTジャパン | C5: Front SE | D5: Do Hong Hieu​ | E5: 日本
A6: 87990 | B6: FPTジャパン | C6: BA | D6: Doan Huu Thuong | E6: 日本
A7: 87990 | B7: FPTジャパン | C7: Front SE | D7: 平田 | E7: 日本
A8: 87990 | B8: FPTジャパン | C8: PMO | D8: 志平 | E8: 日本
A9: 87990 | B9: FPTジャパン | C9: BA | D9: Phan Van HOAN​ | E9: ベトナム
A10: 87990 | B10: FPTジャパン | C10: BA | D10: Phung Thi THAO​ | E10: ベトナム
A11: 87990 | B11: FPTジャパン | C11: BA | D11: Tran Viet THANG​ | E11: ベトナム
A12: 87990 | B12: FPTジャパン | C12: BA | D12: Tran Nguyen Tien SU | E12: ベトナム
A13: 87990 | B13: FPTジャパン | C13: Comter | D13: Dinh Viet Ha | E13: ベトナム
A14: 87990 | B14: FPTジャパン | C14: BA | D14: Nguyen Hoang Nam | E14: ベトナム

Sheet 月間集計シート
A1: 月間集計シート（サンプル） | X1: ↓②当月の所定勤務日数を入力します
N2: 月曜 | O2: 火曜 | P2: 水曜 | Q2: 木曜 | R2: 金曜 | S2: 土曜 | T2: 日曜 | U2: 時間 | AA2: ＜業務管理用週別集計＞ | AI2: ='1週'!B3 -> 2026 | AJ2: ='1週'!C3 -> 7
A3: no | B3: 会社名 | C3: 氏名 | I3: ↓①集計プロジェクトコードを入力します。重複すると正しく集計できません。 | T3: =IF(U3=U28,"明細計と一致しています→","明細計と一致しません→") -> 明細計と一致しません→ | U3: =SUM(U4:U24) -> 0 | V3: 比率 | W3: 所定時間 | X3: 所定日数 | Z3: 38期製品開発部Project一覧 | AA3: 第1週 | AB3: 第2週 | AC3: 第3週 | AD3: 第4週 | AE3: 第5週 | AF3: 第6週 | AG3: シート | AI3: 日付 | AJ3: 曜 | AK3: 始業 | AL3: 就業 | AM3: 休憩 | AN3: 合計
A4: 1 | B4: =B29 -> FPTジャパン | C4: =C29 -> LE NHUT THIEN | G4: =VLOOKUP($I4,$F$29:$H$154,2,FALSE) -> #N/A | H4: =VLOOKUP($I4,$F$29:$H$154,3,FALSE) -> #N/A | I4: 10000 | J4: =VLOOKUP($I4,$F$29:$K$154,5,FALSE) -> #N/A | N4: =SUMIF($I$29:$I$153,$I4,N$29:N$153) -> 0 | O4: =SUMIF($I$29:$I$153,$I4,O$29:O$153) -> 0 | P4: =SUMIF($I$29:$I$153,$I4,P$29:P$153) -> 0 | Q4: =SUMIF($I$29:$I$153,$I4,Q$29:Q$153) -> 0 | R4: =SUMIF($I$29:$I$153,$I4,R$29:R$153) -> 0 | S4: =SUMIF($I$29:$I$153,$I4,S$29:S$153) -> 0 | T4: =SUMIF($I$29:$I$153,$I4,T$29:T$153) -> 0 | U4: =SUM(N4:T4) -> 0 | V4: =IF($U$3<>0,IF($W$4<>0,U4/$W$4,U4/$U$3),0) -> 0 | W4: =X4*"7:30" -> 6.25 | X4: 22 | AA4: =SUMIF($I$29:$I$48,$I4,U$29:U$48) -> 0 | AB4: =SUMIF($I$50:$I$69,$I4,U$50:U$69) -> 0 | AC4: =SUMIF($I$71:$I$90,$I4,U$71:U$90) -> 0 | AD4: =SUMIF($I$92:$I$111,$I4,U$92:U$111) -> 0 | AE4: =SUMIF($I$113:$I$132,$I4,U$113:U$132) -> 0 | AF4: =SUMIF($I$134:$I$153,$I4,U$134:U$153) -> 0 | AG4: =SUM(AA4:AF4) -> 0 | AI4: =DATE($AI2,$AJ2,'1週'!I9) -> #VALUE! | AJ4: ='1週'!I8 -> 月 | AK4: ='1週'!I10 -> 0.375 | AL4: ='1週'!I11 -> 0.79166667 | AM4: ='1週'!I12 -> 0.041666667 | AN4: ='1週'!I13 -> 0.375
A5: 2 | G5: =VLOOKUP($I5,$F$29:$H$154,2,FALSE) -> #N/A | H5: =VLOOKUP($I5,$F$29:$H$154,3,FALSE) -> #N/A | J5: =VLOOKUP($I5,$F$29:$K$154,5,FALSE) -> #N/A | N5: =SUMIF($I$29:$I$153,$I5,N$29:N$153) -> 0 | O5: =SUMIF($I$29:$I$153,$I5,O$29:O$153) -> 0 | P5: =SUMIF($I$29:$I$153,$I5,P$29:P$153) -> 0 | Q5: =SUMIF($I$29:$I$153,$I5,Q$29:Q$153) -> 0 | R5: =SUMIF($I$29:$I$153,$I5,R$29:R$153) -> 0 | S5: =SUMIF($I$29:$I$153,$I5,S$29:S$153) -> 0 | T5: =SUMIF($I$29:$I$153,$I5,T$29:T$153) -> 0 | U5: =SUM(N5:T5) -> 0 | V5: =IF($U$3<>0,IF($W$4<>0,U5/$W$4,U5/$U$3),0) -> 0 | AA5: =SUMIF($I$29:$I$48,$I5,U$29:U$48) -> 0 | AB5: =SUMIF($I$50:$I$69,$I5,U$50:U$69) -> 0 | AC5: =SUMIF($I$71:$I$90,$I5,U$71:U$90) -> 0 | AD5: =SUMIF($I$92:$I$111,$I5,U$92:U$111) -> 0 | AE5: =SUMIF($I$113:$I$132,$I5,U$113:U$132) -> 0 | AF5: =SUMIF($I$134:$I$153,$I5,U$134:U$153) -> 0 | AG5: =SUM(AA5:AF5) -> 0 | AI5: =DATE($AI2,$AJ2,'1週'!K9) -> #VALUE! | AJ5: ='1週'!K8 -> 火 | AK5: ='1週'!K10 -> 0.375 | AL5: ='1週'!K11 -> 0.79166667 | AM5: ='1週'!K12 -> 0.041666667 | AN5: ='1週'!K13 -> 0.375
A6: 3 | G6: =VLOOKUP($I6,$F$29:$H$154,2,FALSE) | H6: =VLOOKUP($I6,$F$29:$H$154,3,FALSE) | J6: =VLOOKUP($I6,$F$29:$K$154,5,FALSE) | N6: =SUMIF($I$29:$I$153,$I6,N$29:N$153) -> 0 | O6: =SUMIF($I$29:$I$153,$I6,O$29:O$153) -> 0 | P6: =SUMIF($I$29:$I$153,$I6,P$29:P$153) -> 0 | Q6: =SUMIF($I$29:$I$153,$I6,Q$29:Q$153) -> 0 | R6: =SUMIF($I$29:$I$153,$I6,R$29:R$153) -> 0 | S6: =SUMIF($I$29:$I$153,$I6,S$29:S$153) -> 0 | T6: =SUMIF($I$29:$I$153,$I6,T$29:T$153) -> 0 | U6: =SUM(N6:T6) -> 0 | V6: =IF($U$3<>0,IF($W$4<>0,U6/$W$4,U6/$U$3),0) -> 0 | AA6: =SUMIF($I$29:$I$48,$I6,U$29:U$48) -> 0 | AB6: =SUMIF($I$50:$I$69,$I6,U$50:U$69) -> 0 | AC6: =SUMIF($I$71:$I$90,$I6,U$71:U$90) -> 0 | AD6: =SUMIF($I$92:$I$111,$I6,U$92:U$111) -> 0 | AE6: =SUMIF($I$113:$I$132,$I6,U$113:U$132) -> 0 | AF6: =SUMIF($I$134:$I$153,$I6,U$134:U$153) -> 0 | AG6: =SUM(AA6:AF6) -> 0 | AI6: =DATE($AI2,$AJ2,'1週'!M9) -> 46204 | AJ6: ='1週'!M8 -> 水 | AK6: ='1週'!M10 -> 0.375 | AL6: ='1週'!M11 -> 0.79166667 | AM6: ='1週'!M12 -> 0.041666667 | AN6: ='1週'!M13 -> 0.375
A7: 4 | G7: =VLOOKUP($I7,$F$29:$H$154,2,FALSE) | H7: =VLOOKUP($I7,$F$29:$H$154,3,FALSE) | J7: =VLOOKUP($I7,$F$29:$K$154,5,FALSE) | N7: =SUMIF($I$29:$I$153,$I7,N$29:N$153) -> 0 | O7: =SUMIF($I$29:$I$153,$I7,O$29:O$153) -> 0 | P7: =SUMIF($I$29:$I$153,$I7,P$29:P$153) -> 0 | Q7: =SUMIF($I$29:$I$153,$I7,Q$29:Q$153) -> 0 | R7: =SUMIF($I$29:$I$153,$I7,R$29:R$153) -> 0 | S7: =SUMIF($I$29:$I$153,$I7,S$29:S$153) -> 0 | T7: =SUMIF($I$29:$I$153,$I7,T$29:T$153) -> 0 | U7: =SUM(N7:T7) -> 0 | V7: =IF($U$3<>0,IF($W$4<>0,U7/$W$4,U7/$U$3),0) -> 0 | AA7: =SUMIF($I$29:$I$48,$I7,U$29:U$48) -> 0 | AB7: =SUMIF($I$50:$I$69,$I7,U$50:U$69) -> 0 | AC7: =SUMIF($I$71:$I$90,$I7,U$71:U$90) -> 0 | AD7: =SUMIF($I$92:$I$111,$I7,U$92:U$111) -> 0 | AE7: =SUMIF($I$113:$I$132,$I7,U$113:U$132) -> 0 | AF7: =SUMIF($I$134:$I$153,$I7,U$134:U$153) -> 0 | AG7: =SUM(AA7:AF7) -> 0 | AI7: =DATE($AI2,$AJ2,'1週'!O9) -> 46205 | AJ7: ='1週'!O8 -> 木 | AK7: ='1週'!O10 -> 0.375 | AL7: ='1週'!O11 -> 0.79166667 | AM7: ='1週'!O12 -> 0.041666667 | AN7: ='1週'!O13 -> 0.375
A8: 5 | G8: =VLOOKUP($I8,$F$29:$H$154,2,FALSE) | H8: =VLOOKUP($I8,$F$29:$H$154,3,FALSE) | J8: =VLOOKUP($I8,$F$29:$K$154,5,FALSE) | N8: =SUMIF($I$29:$I$153,$I8,N$29:N$153) -> 0 | O8: =SUMIF($I$29:$I$153,$I8,O$29:O$153) -> 0 | P8: =SUMIF($I$29:$I$153,$I8,P$29:P$153) -> 0 | Q8: =SUMIF($I$29:$I$153,$I8,Q$29:Q$153) -> 0 | R8: =SUMIF($I$29:$I$153,$I8,R$29:R$153) -> 0 | S8: =SUMIF($I$29:$I$153,$I8,S$29:S$153) -> 0 | T8: =SUMIF($I$29:$I$153,$I8,T$29:T$153) -> 0 | U8: =SUM(N8:T8) -> 0 | V8: =IF($U$3<>0,IF($W$4<>0,U8/$W$4,U8/$U$3),0) -> 0 | AA8: =SUMIF($I$29:$I$48,$I8,U$29:U$48) -> 0 | AB8: =SUMIF($I$50:$I$69,$I8,U$50:U$69) -> 0 | AC8: =SUMIF($I$71:$I$90,$I8,U$71:U$90) -> 0 | AD8: =SUMIF($I$92:$I$111,$I8,U$92:U$111) -> 0 | AE8: =SUMIF($I$113:$I$132,$I8,U$113:U$132) -> 0 | AF8: =SUMIF($I$134:$I$153,$I8,U$134:U$153) -> 0 | AG8: =SUM(AA8:AF8) -> 0 | AI8: =DATE($AI2,$AJ2,'1週'!Q9) -> 46206 | AJ8: ='1週'!Q8 -> 金 | AK8: ='1週'!Q10 -> 0.375 | AL8: ='1週'!Q11 -> 0.79166667 | AM8: ='1週'!Q12 -> 0.041666667 | AN8: ='1週'!Q13 -> 0.375
A9: 6 | G9: =VLOOKUP($I9,$F$29:$H$154,2,FALSE) | H9: =VLOOKUP($I9,$F$29:$H$154,3,FALSE) | J9: =VLOOKUP($I9,$F$29:$K$154,5,FALSE) | N9: =SUMIF($I$29:$I$153,$I9,N$29:N$153) -> 0 | O9: =SUMIF($I$29:$I$153,$I9,O$29:O$153) -> 0 | P9: =SUMIF($I$29:$I$153,$I9,P$29:P$153) -> 0 | Q9: =SUMIF($I$29:$I$153,$I9,Q$29:Q$153) -> 0 | R9: =SUMIF($I$29:$I$153,$I9,R$29:R$153) -> 0 | S9: =SUMIF($I$29:$I$153,$I9,S$29:S$153) -> 0 | T9: =SUMIF($I$29:$I$153,$I9,T$29:T$153) -> 0 | U9: =SUM(N9:T9) -> 0 | V9: =IF($U$3<>0,IF($W$4<>0,U9/$W$4,U9/$U$3),0) -> 0 | AA9: =SUMIF($I$29:$I$48,$I9,U$29:U$48) -> 0 | AB9: =SUMIF($I$50:$I$69,$I9,U$50:U$69) -> 0 | AC9: =SUMIF($I$71:$I$90,$I9,U$71:U$90) -> 0 | AD9: =SUMIF($I$92:$I$111,$I9,U$92:U$111) -> 0 | AE9: =SUMIF($I$113:$I$132,$I9,U$113:U$132) -> 0 | AF9: =SUMIF($I$134:$I$153,$I9,U$134:U$153) -> 0 | AG9: =SUM(AA9:AF9) -> 0 | AI9: =DATE($AI2,$AJ2,'1週'!S9) -> 46207 | AJ9: ='1週'!S8 -> 土 | AK9: ='1週'!S10 -> 0 | AL9: ='1週'!S11 -> 0 | AM9: ='1週'!S12 -> 0 | AN9: ='1週'!S13 -> 0
A10: 7 | G10: =VLOOKUP($I10,$F$29:$H$154,2,FALSE) | H10: =VLOOKUP($I10,$F$29:$H$154,3,FALSE) | J10: =VLOOKUP($I10,$F$29:$K$154,5,FALSE) | N10: =SUMIF($I$29:$I$153,$I10,N$29:N$153) -> 0 | O10: =SUMIF($I$29:$I$153,$I10,O$29:O$153) -> 0 | P10: =SUMIF($I$29:$I$153,$I10,P$29:P$153) -> 0 | Q10: =SUMIF($I$29:$I$153,$I10,Q$29:Q$153) -> 0 | R10: =SUMIF($I$29:$I$153,$I10,R$29:R$153) -> 0 | S10: =SUMIF($I$29:$I$153,$I10,S$29:S$153) -> 0 | T10: =SUMIF($I$29:$I$153,$I10,T$29:T$153) -> 0 | U10: =SUM(N10:T10) -> 0 | V10: =IF($U$3<>0,IF($W$4<>0,U10/$W$4,U10/$U$3),0) -> 0 | AA10: =SUMIF($I$29:$I$48,$I10,U$29:U$48) -> 0 | AB10: =SUMIF($I$50:$I$69,$I10,U$50:U$69) -> 0 | AC10: =SUMIF($I$71:$I$90,$I10,U$71:U$90) -> 0 | AD10: =SUMIF($I$92:$I$111,$I10,U$92:U$111) -> 0 | AE10: =SUMIF($I$113:$I$132,$I10,U$113:U$132) -> 0 | AF10: =SUMIF($I$134:$I$153,$I10,U$134:U$153) -> 0 | AG10: =SUM(AA10:AF10) -> 0 | AI10: =DATE($AI2,$AJ2,'1週'!U9) -> 46208 | AJ10: ='1週'!U8 -> 日 | AK10: ='1週'!U10 -> 0 | AL10: ='1週'!U11 -> 0 | AM10: ='1週'!U12 -> 0 | AN10: ='1週'!U13 -> 0
A11: 8 | G11: =VLOOKUP($I11,$F$29:$H$154,2,FALSE) | H11: =VLOOKUP($I11,$F$29:$H$154,3,FALSE) | J11: =VLOOKUP($I11,$F$29:$K$154,5,FALSE) | N11: =SUMIF($I$29:$I$153,$I11,N$29:N$153) -> 0 | O11: =SUMIF($I$29:$I$153,$I11,O$29:O$153) -> 0 | P11: =SUMIF($I$29:$I$153,$I11,P$29:P$153) -> 0 | Q11: =SUMIF($I$29:$I$153,$I11,Q$29:Q$153) -> 0 | R11: =SUMIF($I$29:$I$153,$I11,R$29:R$153) -> 0 | S11: =SUMIF($I$29:$I$153,$I11,S$29:S$153) -> 0 | T11: =SUMIF($I$29:$I$153,$I11,T$29:T$153) -> 0 | U11: =SUM(N11:T11) -> 0 | V11: =IF($U$3<>0,IF($W$4<>0,U11/$W$4,U11/$U$3),0) -> 0 | AA11: =SUMIF($I$29:$I$48,$I11,U$29:U$48) -> 0 | AB11: =SUMIF($I$50:$I$69,$I11,U$50:U$69) -> 0 | AC11: =SUMIF($I$71:$I$90,$I11,U$71:U$90) -> 0 | AD11: =SUMIF($I$92:$I$111,$I11,U$92:U$111) -> 0 | AE11: =SUMIF($I$113:$I$132,$I11,U$113:U$132) -> 0 | AF11: =SUMIF($I$134:$I$153,$I11,U$134:U$153) -> 0 | AG11: =SUM(AA11:AF11) -> 0 | AI11: =DATE($AI2,$AJ2,'2週'!I9) -> 46209 | AJ11: ='2週'!I8 -> 月 | AK11: ='2週'!I10 -> 0.375 | AL11: ='2週'!I11 -> 0.79166667 | AM11: ='2週'!I12 -> 0.041666667 | AN11: ='2週'!I13 -> 0.375
A12: 9 | G12: =VLOOKUP($I12,$F$29:$H$154,2,FALSE) | H12: =VLOOKUP($I12,$F$29:$H$154,3,FALSE) | J12: =VLOOKUP($I12,$F$29:$K$154,5,FALSE) | N12: =SUMIF($I$29:$I$153,$I12,N$29:N$153) -> 0 | O12: =SUMIF($I$29:$I$153,$I12,O$29:O$153) -> 0 | P12: =SUMIF($I$29:$I$153,$I12,P$29:P$153) -> 0 | Q12: =SUMIF($I$29:$I$153,$I12,Q$29:Q$153) -> 0 | R12: =SUMIF($I$29:$I$153,$I12,R$29:R$153) -> 0 | S12: =SUMIF($I$29:$I$153,$I12,S$29:S$153) -> 0 | T12: =SUMIF($I$29:$I$153,$I12,T$29:T$153) -> 0 | U12: =SUM(N12:T12) -> 0 | V12: =IF($U$3<>0,IF($W$4<>0,U12/$W$4,U12/$U$3),0) -> 0 | AA12: =SUMIF($I$29:$I$48,$I12,U$29:U$48) -> 0 | AB12: =SUMIF($I$50:$I$69,$I12,U$50:U$69) -> 0 | AC12: =SUMIF($I$71:$I$90,$I12,U$71:U$90) -> 0 | AD12: =SUMIF($I$92:$I$111,$I12,U$92:U$111) -> 0 | AE12: =SUMIF($I$113:$I$132,$I12,U$113:U$132) -> 0 | AF12: =SUMIF($I$134:$I$153,$I12,U$134:U$153) -> 0 | AG12: =SUM(AA12:AF12) -> 0 | AI12: =DATE($AI2,$AJ2,'2週'!K9) -> 46210 | AJ12: ='2週'!K8 -> 火 | AK12: ='2週'!K10 -> 0.375 | AL12: ='2週'!K11 -> 0.79166667 | AM12: ='2週'!K12 -> 0.041666667 | AN12: ='2週'!K13 -> 0.375
A13: 10 | G13: =VLOOKUP($I13,$F$29:$H$154,2,FALSE) | H13: =VLOOKUP($I13,$F$29:$H$154,3,FALSE) | J13: =VLOOKUP($I13,$F$29:$K$154,5,FALSE) | N13: =SUMIF($I$29:$I$153,$I13,N$29:N$153) -> 0 | O13: =SUMIF($I$29:$I$153,$I13,O$29:O$153) -> 0 | P13: =SUMIF($I$29:$I$153,$I13,P$29:P$153) -> 0 | Q13: =SUMIF($I$29:$I$153,$I13,Q$29:Q$153) -> 0 | R13: =SUMIF($I$29:$I$153,$I13,R$29:R$153) -> 0 | S13: =SUMIF($I$29:$I$153,$I13,S$29:S$153) -> 0 | T13: =SUMIF($I$29:$I$153,$I13,T$29:T$153) -> 0 | U13: =SUM(N13:T13) -> 0 | V13: =IF($U$3<>0,IF($W$4<>0,U13/$W$4,U13/$U$3),0) -> 0 | AA13: =SUMIF($I$29:$I$48,$I13,U$29:U$48) -> 0 | AB13: =SUMIF($I$50:$I$69,$I13,U$50:U$69) -> 0 | AC13: =SUMIF($I$71:$I$90,$I13,U$71:U$90) -> 0 | AD13: =SUMIF($I$92:$I$111,$I13,U$92:U$111) -> 0 | AE13: =SUMIF($I$113:$I$132,$I13,U$113:U$132) -> 0 | AF13: =SUMIF($I$134:$I$153,$I13,U$134:U$153) -> 0 | AG13: =SUM(AA13:AF13) -> 0 | AI13: =DATE($AI2,$AJ2,'2週'!M9) -> 46211 | AJ13: ='2週'!M8 -> 水 | AK13: ='2週'!M10 -> 0.375 | AL13: ='2週'!M11 -> 0.79166667 | AM13: ='2週'!M12 -> 0.041666667 | AN13: ='2週'!M13 -> 0.375
A14: 11 | G14: =VLOOKUP($I14,$F$29:$H$154,2,FALSE) | H14: =VLOOKUP($I14,$F$29:$H$154,3,FALSE) | J14: =VLOOKUP($I14,$F$29:$K$154,5,FALSE) | N14: =SUMIF($I$29:$I$153,$I14,N$29:N$153) -> 0 | O14: =SUMIF($I$29:$I$153,$I14,O$29:O$153) -> 0 | P14: =SUMIF($I$29:$I$153,$I14,P$29:P$153) -> 0 | Q14: =SUMIF($I$29:$I$153,$I14,Q$29:Q$153) -> 0 | R14: =SUMIF($I$29:$I$153,$I14,R$29:R$153) -> 0 | S14: =SUMIF($I$29:$I$153,$I14,S$29:S$153) -> 0 | T14: =SUMIF($I$29:$I$153,$I14,T$29:T$153) -> 0 | U14: =SUM(N14:T14) -> 0 | V14: =IF($U$3<>0,IF($W$4<>0,U14/$W$4,U14/$U$3),0) -> 0 | AA14: =SUMIF($I$29:$I$48,$I14,U$29:U$48) -> 0 | AB14: =SUMIF($I$50:$I$69,$I14,U$50:U$69) -> 0 | AC14: =SUMIF($I$71:$I$90,$I14,U$71:U$90) -> 0 | AD14: =SUMIF($I$92:$I$111,$I14,U$92:U$111) -> 0 | AE14: =SUMIF($I$113:$I$132,$I14,U$113:U$132) -> 0 | AF14: =SUMIF($I$134:$I$153,$I14,U$134:U$153) -> 0 | AG14: =SUM(AA14:AF14) -> 0 | AI14: =DATE($AI2,$AJ2,'2週'!O9) -> 46212 | AJ14: ='2週'!O8 -> 木 | AK14: ='2週'!O10 -> 0.375 | AL14: ='2週'!O11 -> 0.79166667 | AM14: ='2週'!O12 -> 0.041666667 | AN14: ='2週'!O13 -> 0.375
A15: 12 | G15: =VLOOKUP($I15,$F$29:$H$154,2,FALSE) | H15: =VLOOKUP($I15,$F$29:$H$154,3,FALSE) | J15: =VLOOKUP($I15,$F$29:$K$154,5,FALSE) | N15: =SUMIF($I$29:$I$153,$I15,N$29:N$153) -> 0 | O15: =SUMIF($I$29:$I$153,$I15,O$29:O$153) -> 0 | P15: =SUMIF($I$29:$I$153,$I15,P$29:P$153) -> 0 | Q15: =SUMIF($I$29:$I$153,$I15,Q$29:Q$153) -> 0 | R15: =SUMIF($I$29:$I$153,$I15,R$29:R$153) -> 0 | S15: =SUMIF($I$29:$I$153,$I15,S$29:S$153) -> 0 | T15: =SUMIF($I$29:$I$153,$I15,T$29:T$153) -> 0 | U15: =SUM(N15:T15) -> 0 | V15: =IF($U$3<>0,IF($W$4<>0,U15/$W$4,U15/$U$3),0) -> 0 | AA15: =SUMIF($I$29:$I$48,$I15,U$29:U$48) -> 0 | AB15: =SUMIF($I$50:$I$69,$I15,U$50:U$69) -> 0 | AC15: =SUMIF($I$71:$I$90,$I15,U$71:U$90) -> 0 | AD15: =SUMIF($I$92:$I$111,$I15,U$92:U$111) -> 0 | AE15: =SUMIF($I$113:$I$132,$I15,U$113:U$132) -> 0 | AF15: =SUMIF($I$134:$I$153,$I15,U$134:U$153) -> 0 | AG15: =SUM(AA15:AF15) -> 0 | AI15: =DATE($AI2,$AJ2,'2週'!Q9) -> 46213 | AJ15: ='2週'!Q8 -> 金 | AK15: ='2週'!Q10 -> 0.375 | AL15: ='2週'!Q11 -> 0.79166667 | AM15: ='2週'!Q12 -> 0.041666667 | AN15: ='2週'!Q13 -> 0.375
A16: 13 | G16: =VLOOKUP($I16,$F$29:$H$154,2,FALSE) | H16: =VLOOKUP($I16,$F$29:$H$154,3,FALSE) | J16: =VLOOKUP($I16,$F$29:$K$154,5,FALSE) | N16: =SUMIF($I$29:$I$153,$I16,N$29:N$153) -> 0 | O16: =SUMIF($I$29:$I$153,$I16,O$29:O$153) -> 0 | P16: =SUMIF($I$29:$I$153,$I16,P$29:P$153) -> 0 | Q16: =SUMIF($I$29:$I$153,$I16,Q$29:Q$153) -> 0 | R16: =SUMIF($I$29:$I$153,$I16,R$29:R$153) -> 0 | S16: =SUMIF($I$29:$I$153,$I16,S$29:S$153) -> 0 | T16: =SUMIF($I$29:$I$153,$I16,T$29:T$153) -> 0 | U16: =SUM(N16:T16) -> 0 | V16: =IF($U$3<>0,IF($W$4<>0,U16/$W$4,U16/$U$3),0) -> 0 | AA16: =SUMIF($I$29:$I$48,$I16,U$29:U$48) -> 0 | AB16: =SUMIF($I$50:$I$69,$I16,U$50:U$69) -> 0 | AC16: =SUMIF($I$71:$I$90,$I16,U$71:U$90) -> 0 | AD16: =SUMIF($I$92:$I$111,$I16,U$92:U$111) -> 0 | AE16: =SUMIF($I$113:$I$132,$I16,U$113:U$132) -> 0 | AF16: =SUMIF($I$134:$I$153,$I16,U$134:U$153) -> 0 | AG16: =SUM(AA16:AF16) -> 0 | AI16: =DATE($AI2,$AJ2,'2週'!S9) -> 46214 | AJ16: ='2週'!S8 -> 土 | AK16: ='2週'!S10 -> 0 | AL16: ='2週'!S11 -> 0 | AM16: ='2週'!S12 -> 0 | AN16: ='2週'!S13 -> 0
A17: 14 | G17: =VLOOKUP($I17,$F$29:$H$154,2,FALSE) | H17: =VLOOKUP($I17,$F$29:$H$154,3,FALSE) | J17: =VLOOKUP($I17,$F$29:$K$154,5,FALSE) | N17: =SUMIF($I$29:$I$153,$I17,N$29:N$153) -> 0 | O17: =SUMIF($I$29:$I$153,$I17,O$29:O$153) -> 0 | P17: =SUMIF($I$29:$I$153,$I17,P$29:P$153) -> 0 | Q17: =SUMIF($I$29:$I$153,$I17,Q$29:Q$153) -> 0 | R17: =SUMIF($I$29:$I$153,$I17,R$29:R$153) -> 0 | S17: =SUMIF($I$29:$I$153,$I17,S$29:S$153) -> 0 | T17: =SUMIF($I$29:$I$153,$I17,T$29:T$153) -> 0 | U17: =SUM(N17:T17) -> 0 | V17: =IF($U$3<>0,IF($W$4<>0,U17/$W$4,U17/$U$3),0) -> 0 | AA17: =SUMIF($I$29:$I$48,$I17,U$29:U$48) -> 0 | AB17: =SUMIF($I$50:$I$69,$I17,U$50:U$69) -> 0 | AC17: =SUMIF($I$71:$I$90,$I17,U$71:U$90) -> 0 | AD17: =SUMIF($I$92:$I$111,$I17,U$92:U$111) -> 0 | AE17: =SUMIF($I$113:$I$132,$I17,U$113:U$132) -> 0 | AF17: =SUMIF($I$134:$I$153,$I17,U$134:U$153) -> 0 | AG17: =SUM(AA17:AF17) -> 0 | AI17: =DATE($AI2,$AJ2,'2週'!U9) -> 46215 | AJ17: ='2週'!U8 -> 日 | AK17: ='2週'!U10 -> 0 | AL17: ='2週'!U11 -> 0 | AM17: ='2週'!U12 -> 0 | AN17: ='2週'!U13 -> 0
A18: 15 | G18: =VLOOKUP($I18,$F$29:$H$154,2,FALSE) | H18: =VLOOKUP($I18,$F$29:$H$154,3,FALSE) | J18: =VLOOKUP($I18,$F$29:$K$154,5,FALSE) | N18: =SUMIF($I$29:$I$153,$I18,N$29:N$153) -> 0 | O18: =SUMIF($I$29:$I$153,$I18,O$29:O$153) -> 0 | P18: =SUMIF($I$29:$I$153,$I18,P$29:P$153) -> 0 | Q18: =SUMIF($I$29:$I$153,$I18,Q$29:Q$153) -> 0 | R18: =SUMIF($I$29:$I$153,$I18,R$29:R$153) -> 0 | S18: =SUMIF($I$29:$I$153,$I18,S$29:S$153) -> 0 | T18: =SUMIF($I$29:$I$153,$I18,T$29:T$153) -> 0 | U18: =SUM(N18:T18) -> 0 | V18: =IF($U$3<>0,IF($W$4<>0,U18/$W$4,U18/$U$3),0) -> 0 | AA18: =SUMIF($I$29:$I$48,$I18,U$29:U$48) -> 0 | AB18: =SUMIF($I$50:$I$69,$I18,U$50:U$69) -> 0 | AC18: =SUMIF($I$71:$I$90,$I18,U$71:U$90) -> 0 | AD18: =SUMIF($I$92:$I$111,$I18,U$92:U$111) -> 0 | AE18: =SUMIF($I$113:$I$132,$I18,U$113:U$132) -> 0 | AF18: =SUMIF($I$134:$I$153,$I18,U$134:U$153) -> 0 | AG18: =SUM(AA18:AF18) -> 0 | AI18: =DATE($AI2,$AJ2,'3週'!I9) -> 46216 | AJ18: ='3週'!I8 -> 月 | AK18: ='3週'!I10 -> 0.375 | AL18: ='3週'!I11 -> 0.79166667 | AM18: ='3週'!I12 -> 0.041666667 | AN18: ='3週'!I13 -> 0.375
A19: 16 | G19: =VLOOKUP($I19,$F$29:$H$154,2,FALSE) | H19: =VLOOKUP($I19,$F$29:$H$154,3,FALSE) | J19: =VLOOKUP($I19,$F$29:$K$154,5,FALSE) | N19: =SUMIF($I$29:$I$153,$I19,N$29:N$153) -> 0 | O19: =SUMIF($I$29:$I$153,$I19,O$29:O$153) -> 0 | P19: =SUMIF($I$29:$I$153,$I19,P$29:P$153) -> 0 | Q19: =SUMIF($I$29:$I$153,$I19,Q$29:Q$153) -> 0 | R19: =SUMIF($I$29:$I$153,$I19,R$29:R$153) -> 0 | S19: =SUMIF($I$29:$I$153,$I19,S$29:S$153) -> 0 | T19: =SUMIF($I$29:$I$153,$I19,T$29:T$153) -> 0 | U19: =SUM(N19:T19) -> 0 | V19: =IF($U$3<>0,IF($W$4<>0,U19/$W$4,U19/$U$3),0) -> 0 | AA19: =SUMIF($I$29:$I$48,$I19,U$29:U$48) -> 0 | AB19: =SUMIF($I$50:$I$69,$I19,U$50:U$69) -> 0 | AC19: =SUMIF($I$71:$I$90,$I19,U$71:U$90) -> 0 | AD19: =SUMIF($I$92:$I$111,$I19,U$92:U$111) -> 0 | AE19: =SUMIF($I$113:$I$132,$I19,U$113:U$132) -> 0 | AF19: =SUMIF($I$134:$I$153,$I19,U$134:U$153) -> 0 | AG19: =SUM(AA19:AF19) -> 0 | AI19: =DATE($AI2,$AJ2,'3週'!K9) -> 46217 | AJ19: ='3週'!K8 -> 火 | AK19: ='3週'!K10 -> 0.375 | AL19: ='3週'!K11 -> 0.79166667 | AM19: ='3週'!K12 -> 0.041666667 | AN19: ='3週'!K13 -> 0.375
A20: 17 | G20: =VLOOKUP($I20,$F$29:$H$154,2,FALSE) | H20: =VLOOKUP($I20,$F$29:$H$154,3,FALSE) | J20: =VLOOKUP($I20,$F$29:$K$154,5,FALSE) | N20: =SUMIF($I$29:$I$153,$I20,N$29:N$153) -> 0 | O20: =SUMIF($I$29:$I$153,$I20,O$29:O$153) -> 0 | P20: =SUMIF($I$29:$I$153,$I20,P$29:P$153) -> 0 | Q20: =SUMIF($I$29:$I$153,$I20,Q$29:Q$153) -> 0 | R20: =SUMIF($I$29:$I$153,$I20,R$29:R$153) -> 0 | S20: =SUMIF($I$29:$I$153,$I20,S$29:S$153) -> 0 | T20: =SUMIF($I$29:$I$153,$I20,T$29:T$153) -> 0 | U20: =SUM(N20:T20) -> 0 | V20: =IF($U$3<>0,IF($W$4<>0,U20/$W$4,U20/$U$3),0) -> 0 | AA20: =SUMIF($I$29:$I$48,$I20,U$29:U$48) -> 0 | AB20: =SUMIF($I$50:$I$69,$I20,U$50:U$69) -> 0 | AC20: =SUMIF($I$71:$I$90,$I20,U$71:U$90) -> 0 | AD20: =SUMIF($I$92:$I$111,$I20,U$92:U$111) -> 0 | AE20: =SUMIF($I$113:$I$132,$I20,U$113:U$132) -> 0 | AF20: =SUMIF($I$134:$I$153,$I20,U$134:U$153) -> 0 | AG20: =SUM(AA20:AF20) -> 0 | AI20: =DATE($AI2,$AJ2,'3週'!M9) -> 46218 | AJ20: ='3週'!M8 -> 水 | AK20: ='3週'!M10 -> 0.375 | AL20: ='3週'!M11 -> 0.79166667 | AM20: ='3週'!M12 -> 0.041666667 | AN20: ='3週'!M13 -> 0.375
A21: 18 | G21: =VLOOKUP($I21,$F$29:$H$154,2,FALSE) | H21: =VLOOKUP($I21,$F$29:$H$154,3,FALSE) | J21: =VLOOKUP($I21,$F$29:$K$154,5,FALSE) | N21: =SUMIF($I$29:$I$153,$I21,N$29:N$153) -> 0 | O21: =SUMIF($I$29:$I$153,$I21,O$29:O$153) -> 0 | P21: =SUMIF($I$29:$I$153,$I21,P$29:P$153) -> 0 | Q21: =SUMIF($I$29:$I$153,$I21,Q$29:Q$153) -> 0 | R21: =SUMIF($I$29:$I$153,$I21,R$29:R$153) -> 0 | S21: =SUMIF($I$29:$I$153,$I21,S$29:S$153) -> 0 | T21: =SUMIF($I$29:$I$153,$I21,T$29:T$153) -> 0 | U21: =SUM(N21:T21) -> 0 | V21: =IF($U$3<>0,IF($W$4<>0,U21/$W$4,U21/$U$3),0) -> 0 | AA21: =SUMIF($I$29:$I$48,$I21,U$29:U$48) -> 0 | AB21: =SUMIF($I$50:$I$69,$I21,U$50:U$69) -> 0 | AC21: =SUMIF($I$71:$I$90,$I21,U$71:U$90) -> 0 | AD21: =SUMIF($I$92:$I$111,$I21,U$92:U$111) -> 0 | AE21: =SUMIF($I$113:$I$132,$I21,U$113:U$132) -> 0 | AF21: =SUMIF($I$134:$I$153,$I21,U$134:U$153) -> 0 | AG21: =SUM(AA21:AF21) -> 0 | AI21: =DATE($AI2,$AJ2,'3週'!O9) -> 46219 | AJ21: ='3週'!O8 -> 木 | AK21: ='3週'!O10 -> 0.375 | AL21: ='3週'!O11 -> 0.79166667 | AM21: ='3週'!O12 -> 0.041666667 | AN21: ='3週'!O13 -> 0.375
A22: 19 | G22: =VLOOKUP($I22,$F$29:$H$154,2,FALSE) | H22: =VLOOKUP($I22,$F$29:$H$154,3,FALSE) | J22: =VLOOKUP($I22,$F$29:$K$154,5,FALSE) | N22: =SUMIF($I$29:$I$153,$I22,N$29:N$153) -> 0 | O22: =SUMIF($I$29:$I$153,$I22,O$29:O$153) -> 0 | P22: =SUMIF($I$29:$I$153,$I22,P$29:P$153) -> 0 | Q22: =SUMIF($I$29:$I$153,$I22,Q$29:Q$153) -> 0 | R22: =SUMIF($I$29:$I$153,$I22,R$29:R$153) -> 0 | S22: =SUMIF($I$29:$I$153,$I22,S$29:S$153) -> 0 | T22: =SUMIF($I$29:$I$153,$I22,T$29:T$153) -> 0 | U22: =SUM(N22:T22) -> 0 | V22: =IF($U$3<>0,IF($W$4<>0,U22/$W$4,U22/$U$3),0) -> 0 | AA22: =SUMIF($I$29:$I$48,$I22,U$29:U$48) -> 0 | AB22: =SUMIF($I$50:$I$69,$I22,U$50:U$69) -> 0 | AC22: =SUMIF($I$71:$I$90,$I22,U$71:U$90) -> 0 | AD22: =SUMIF($I$92:$I$111,$I22,U$92:U$111) -> 0 | AE22: =SUMIF($I$113:$I$132,$I22,U$113:U$132) -> 0 | AF22: =SUMIF($I$134:$I$153,$I22,U$134:U$153) -> 0 | AG22: =SUM(AA22:AF22) -> 0 | AI22: =DATE($AI2,$AJ2,'3週'!Q9) -> 46220 | AJ22: ='3週'!Q8 -> 金 | AK22: ='3週'!Q10 -> 0.375 | AL22: ='3週'!Q11 -> 0.79166667 | AM22: ='3週'!Q12 -> 0.041666667 | AN22: ='3週'!Q13 -> 0.375
A23: 20 | G23: =VLOOKUP($I23,$F$29:$H$154,2,FALSE) | H23: =VLOOKUP($I23,$F$29:$H$154,3,FALSE) | J23: =VLOOKUP($I23,$F$29:$K$154,5,FALSE) | N23: =SUMIF($I$29:$I$153,$I23,N$29:N$153) -> 0 | O23: =SUMIF($I$29:$I$153,$I23,O$29:O$153) -> 0 | P23: =SUMIF($I$29:$I$153,$I23,P$29:P$153) -> 0 | Q23: =SUMIF($I$29:$I$153,$I23,Q$29:Q$153) -> 0 | R23: =SUMIF($I$29:$I$153,$I23,R$29:R$153) -> 0 | S23: =SUMIF($I$29:$I$153,$I23,S$29:S$153) -> 0 | T23: =SUMIF($I$29:$I$153,$I23,T$29:T$153) -> 0 | U23: =SUM(N23:T23) -> 0 | V23: =IF($U$3<>0,IF($W$4<>0,U23/$W$4,U23/$U$3),0) -> 0 | AA23: =SUMIF($I$29:$I$48,$I23,U$29:U$48) -> 0 | AB23: =SUMIF($I$50:$I$69,$I23,U$50:U$69) -> 0 | AC23: =SUMIF($I$71:$I$90,$I23,U$71:U$90) -> 0 | AD23: =SUMIF($I$92:$I$111,$I23,U$92:U$111) -> 0 | AE23: =SUMIF($I$113:$I$132,$I23,U$113:U$132) -> 0 | AF23: =SUMIF($I$134:$I$153,$I23,U$134:U$153) -> 0 | AG23: =SUM(AA23:AF23) -> 0 | AI23: =DATE($AI2,$AJ2,'3週'!S9) -> 46221 | AJ23: ='3週'!S8 -> 土 | AK23: ='3週'!S10 -> 0 | AL23: ='3週'!S11 -> 0 | AM23: ='3週'!S12 -> 0 | AN23: ='3週'!S13 -> 0
AI24: =DATE($AI2,$AJ2,'3週'!U9) -> 46222 | AJ24: ='3週'!U8 -> 日 | AK24: ='3週'!U10 -> 0 | AL24: ='3週'!U11 -> 0 | AM24: ='3週'!U12 -> 0 | AN24: ='3週'!U13 -> 0
AI25: =DATE($AI2,$AJ2,'4週'!I9) -> 46223 | AJ25: ='4週'!I8 -> 月 | AK25: ='4週'!I10 -> 0.375 | AL25: ='4週'!I11 -> 0.79166667 | AM25: ='4週'!I12 -> 0.041666667 | AN25: ='4週'!I13 -> 0.375
AI26: =DATE($AI2,$AJ2,'4週'!K9) -> 46224 | AJ26: ='4週'!K8 -> 火 | AK26: ='4週'!K10 -> 0.375 | AL26: ='4週'!K11 -> 0.79166667 | AM26: ='4週'!K12 -> 0.041666667 | AN26: ='4週'!K13 -> 0.375
AI27: =DATE($AI2,$AJ2,'4週'!M9) -> 46225 | AJ27: ='4週'!M8 -> 水 | AK27: ='4週'!M10 -> 0.375 | AL27: ='4週'!M11 -> 0.79166667 | AM27: ='4週'!M12 -> 0.041666667 | AN27: ='4週'!M13 -> 0.375
A28: 会社コード | B28: 会社名 | C28: 氏名 | G28: システムコード | I28: プロジェクトコード | N28: 月曜 | O28: 火曜 | P28: 水曜 | Q28: 木曜 | R28: 金曜 | S28: 土曜 | T28: 日曜 | U28: =SUM(U29:U154) -> 8.3125 | V28: 合計 | W28: ：参照表示集計 | AI28: =DATE($AI2,$AJ2,'4週'!O9) -> 46226 | AJ28: ='4週'!O8 -> 木 | AK28: ='4週'!O10 -> 0.375 | AL28: ='4週'!O11 -> 0.79166667 | AM28: ='4週'!O12 -> 0.041666667 | AN28: ='4週'!O13 -> 0.375
A29: ='1週'!D6 -> 10000 | B29: ='1週'!C6 -> FPTジャパン | C29: ='1週'!C7 -> LE NHUT THIEN | D29: １週 | E29: ='1週'!A15 -> 1 | F29: ='1週'!B16 -> 10000 | G29: ='1週'!B15 -> 10000 | H29: ='1週'!C15 -> Yokogawa | I29: ='1週'!B16 -> 10000 | J29: ='1週'!C16 -> Rep Portal | K29: ='1週'!E15 -> 調査・分析・開発計画の準備・実施作業 | L29: ='1週'!E16 -> 0 | M29: =I29&'1週'!D15 -> 1000010102 | N29: ='1週'!I16 -> 0 | O29: ='1週'!K16 -> 0 | P29: ='1週'!M16 -> 0 | Q29: ='1週'!O16 -> 0 | R29: ='1週'!Q16 -> 0 | S29: ='1週'!S16 -> 0 | T29: ='1週'!U16 -> 0 | U29: =SUM(N29:T29) -> 0 | AI29: =DATE($AI2,$AJ2,'4週'!Q9) -> 46227 | AJ29: ='4週'!Q8 -> 金 | AK29: ='4週'!Q10 -> 0.375 | AL29: ='4週'!Q11 -> 0.79166667 | AM29: ='4週'!Q12 -> 0.041666667 | AN29: ='4週'!Q13 -> 0.375
E30: ='1週'!A17 -> 2 | F30: ='1週'!B18 -> 10000 | G30: ='1週'!B17 -> 10000 | H30: ='1週'!C17 -> Yokogawa | I30: ='1週'!B18 -> 10000 | J30: ='1週'!C18 -> Rep Portal | K30: ='1週'!E17 -> プログラムの実施 | L30: ='1週'!E18 -> 0 | M30: =I30&'1週'!D17 -> 1000030106 | N30: ='1週'!I18 -> 0 | O30: ='1週'!K18 -> 0 | P30: ='1週'!M18 -> 0 | Q30: ='1週'!O18 -> 0 | R30: ='1週'!Q18 -> 0 | S30: ='1週'!S18 -> 0 | T30: ='1週'!U18 -> 0 | U30: =SUM(N30:T30) -> 0 | AI30: =DATE($AI2,$AJ2,'4週'!S9) -> 46228 | AJ30: ='4週'!S8 -> 土 | AK30: ='4週'!S10 -> 0 | AL30: ='4週'!S11 -> 0 | AM30: ='4週'!S12 -> 0 | AN30: ='4週'!S13 -> 0
E31: ='1週'!A19 -> 3 | F31: ='1週'!B20 -> 10000 | G31: ='1週'!B19 -> 10000 | H31: ='1週'!C19 -> Yokogawa | I31: ='1週'!B20 -> 10000 | J31: ='1週'!C20 -> Rep Portal | K31: ='1週'!E19 -> テスト実施 | L31: ='1週'!E20 -> 0 | M31: =I31&'1週'!D19 -> 1000040108 | N31: ='1週'!I20 -> 0 | O31: ='1週'!K20 -> 0 | P31: ='1週'!M20 -> 0 | Q31: ='1週'!O20 -> 0 | R31: ='1週'!Q20 -> 0 | S31: ='1週'!S20 -> 0 | T31: ='1週'!U20 -> 0 | U31: =SUM(N31:T31) -> 0 | AI31: =DATE($AI2,$AJ2,'4週'!U9) -> 46229 | AJ31: ='4週'!U8 -> 日 | AK31: ='4週'!U10 -> 0 | AL31: ='4週'!U11 -> 0 | AM31: ='4週'!U12 -> 0 | AN31: ='4週'!U13 -> 0
E32: ='1週'!A21 -> 4 | F32: ='1週'!B22 -> 0 | G32: ='1週'!B21 | H32: ='1週'!C21 | I32: ='1週'!B22 -> 0 | J32: ='1週'!C22 | K32: ='1週'!E21 -> 0 | L32: ='1週'!E22 -> 0 | M32: =I32&'1週'!D21 -> 0 | N32: ='1週'!I22 -> 0 | O32: ='1週'!K22 -> 0 | P32: ='1週'!M22 -> 0 | Q32: ='1週'!O22 -> 0 | R32: ='1週'!Q22 -> 0 | S32: ='1週'!S22 -> 0 | T32: ='1週'!U22 -> 0 | U32: =SUM(N32:T32) -> 0 | AI32: =DATE($AI2,$AJ2,'5週'!I9) -> 46230 | AJ32: ='5週'!I8 -> 月 | AK32: ='5週'!I10 -> 0.375 | AL32: ='5週'!I11 -> 0.79166667 | AM32: ='5週'!I12 -> 0.041666667 | AN32: ='5週'!I13 -> 0.375
E33: ='1週'!A23 -> 5 | F33: ='1週'!B24 -> 0 | G33: ='1週'!B23 | H33: ='1週'!C23 | I33: ='1週'!B24 -> 0 | J33: ='1週'!C24 | K33: ='1週'!E23 -> 0 | L33: ='1週'!E24 -> 0 | M33: =I33&'1週'!D23 -> 0 | N33: ='1週'!I24 -> 0 | O33: ='1週'!K24 -> 0 | P33: ='1週'!M24 -> 0 | Q33: ='1週'!O24 -> 0 | R33: ='1週'!Q24 -> 0 | S33: ='1週'!S24 -> 0 | T33: ='1週'!U24 -> 0 | U33: =SUM(N33:T33) -> 0 | AI33: =DATE($AI2,$AJ2,'5週'!K9) -> 46231 | AJ33: ='5週'!K8 -> 火 | AK33: ='5週'!K10 -> 0.375 | AL33: ='5週'!K11 -> 0.79166667 | AM33: ='5週'!K12 -> 0.041666667 | AN33: ='5週'!K13 -> 0.375
E34: ='1週'!A25 -> 6 | F34: ='1週'!B26 -> 0 | G34: ='1週'!B25 | H34: ='1週'!C25 | I34: ='1週'!B26 -> 0 | J34: ='1週'!C26 | K34: ='1週'!E25 -> 0 | L34: ='1週'!E26 -> 0 | M34: =I34&'1週'!D25 -> 0 | N34: ='1週'!I26 -> 0 | O34: ='1週'!K26 -> 0 | P34: ='1週'!M26 -> 0 | Q34: ='1週'!O26 -> 0 | R34: ='1週'!Q26 -> 0 | S34: ='1週'!S26 -> 0 | T34: ='1週'!U26 -> 0 | U34: =SUM(N34:T34) -> 0 | AI34: =DATE($AI2,$AJ2,'5週'!M9) -> 46232 | AJ34: ='5週'!M8 -> 水 | AK34: ='5週'!M10 -> 0 | AL34: ='5週'!M11 -> 0 | AM34: ='5週'!M12 -> 0 | AN34: ='5週'!M13 -> 0
E35: ='1週'!A27 -> 7 | F35: ='1週'!B28 -> 0 | G35: ='1週'!B27 | H35: ='1週'!C27 | I35: ='1週'!B28 -> 0 | J35: ='1週'!C28 | K35: ='1週'!E27 -> 0 | L35: ='1週'!E28 -> 0 | M35: =I35&'1週'!D27 -> 0 | N35: ='1週'!I28 -> 0 | O35: ='1週'!K28 -> 0 | P35: ='1週'!M28 -> 0 | Q35: ='1週'!O28 -> 0 | R35: ='1週'!Q28 -> 0 | S35: ='1週'!S28 -> 0 | T35: ='1週'!U28 -> 0 | U35: =SUM(N35:T35) -> 0 | AI35: =DATE($AI2,$AJ2,'5週'!O9) -> 46233 | AJ35: ='5週'!O8 -> 木 | AK35: ='5週'!O10 -> 0 | AL35: ='5週'!O11 -> 0 | AM35: ='5週'!O12 -> 0 | AN35: ='5週'!O13 -> 0
E36: ='1週'!A29 -> 8 | F36: ='1週'!B30 -> 0 | G36: ='1週'!B29 | H36: ='1週'!C29 | I36: ='1週'!B30 -> 0 | J36: ='1週'!C30 | K36: ='1週'!E29 -> 0 | L36: ='1週'!E30 -> 0 | M36: =I36&'1週'!D29 -> 0 | N36: ='1週'!I30 -> 0 | O36: ='1週'!K30 -> 0 | P36: ='1週'!M30 -> 0 | Q36: ='1週'!O30 -> 0 | R36: ='1週'!Q30 -> 0 | S36: ='1週'!S30 -> 0 | T36: ='1週'!U30 -> 0 | U36: =SUM(N36:T36) -> 0 | AI36: =DATE($AI2,$AJ2,'5週'!Q9) -> 46234 | AJ36: ='5週'!Q8 -> 金 | AK36: ='5週'!Q10 -> 0 | AL36: ='5週'!Q11 -> 0 | AM36: ='5週'!Q12 -> 0 | AN36: ='5週'!Q13 -> 0
E37: ='1週'!A31 -> 9 | F37: ='1週'!B32 -> 0 | G37: ='1週'!B31 | H37: ='1週'!C31 | I37: ='1週'!B32 -> 0 | J37: ='1週'!C32 | K37: ='1週'!E31 -> 0 | L37: ='1週'!E32 -> 0 | M37: =I37&'1週'!D31 -> 0 | N37: ='1週'!I32 -> 0 | O37: ='1週'!K32 -> 0 | P37: ='1週'!M32 -> 0 | Q37: ='1週'!O32 -> 0 | R37: ='1週'!Q32 -> 0 | S37: ='1週'!S32 -> 0 | T37: ='1週'!U32 -> 0 | U37: =SUM(N37:T37) -> 0 | AI37: =DATE($AI2,$AJ2,'5週'!S9) -> #VALUE! | AJ37: ='5週'!S8 -> 土 | AK37: ='5週'!S10 -> 0 | AL37: ='5週'!S11 -> 0 | AM37: ='5週'!S12 -> 0 | AN37: ='5週'!S13 -> 0
E38: ='1週'!A33 -> 10 | F38: ='1週'!B34 -> 0 | G38: ='1週'!B33 | H38: ='1週'!C33 | I38: ='1週'!B34 -> 0 | J38: ='1週'!C34 | K38: ='1週'!E33 -> 0 | L38: ='1週'!E34 -> 0 | M38: =I38&'1週'!D33 -> 0 | N38: ='1週'!I34 -> 0 | O38: ='1週'!K34 -> 0 | P38: ='1週'!M34 -> 0 | Q38: ='1週'!O34 -> 0 | R38: ='1週'!Q34 -> 0 | S38: ='1週'!S34 -> 0 | T38: ='1週'!U34 -> 0 | U38: =SUM(N38:T38) -> 0 | AI38: =DATE($AI2,$AJ2,'5週'!U9) -> #VALUE! | AJ38: ='5週'!U8 -> 日 | AK38: ='5週'!U10 -> 0 | AL38: ='5週'!U11 -> 0 | AM38: ='5週'!U12 -> 0 | AN38: ='5週'!U13 -> 0
E39: ='1週'!A35 -> 11 | F39: ='1週'!B36 -> 0 | G39: ='1週'!B35 | H39: ='1週'!C35 | I39: ='1週'!B36 -> 0 | J39: ='1週'!C36 | K39: ='1週'!E35 -> 0 | L39: ='1週'!E36 -> 0 | M39: =I39&'1週'!D35 -> 0 | N39: ='1週'!I36 -> 0 | O39: ='1週'!K36 -> 0 | P39: ='1週'!M36 -> 0 | Q39: ='1週'!O36 -> 0 | R39: ='1週'!Q36 -> 0 | S39: ='1週'!S36 -> 0 | T39: ='1週'!U36 -> 0 | U39: =SUM(N39:T39) -> 0 | AI39: =DATE($AI2,$AJ2,'6週'!I9) -> #VALUE! | AJ39: ='6週'!I8 -> 月 | AK39: ='6週'!I10 -> 0 | AL39: ='6週'!I11 -> 0 | AM39: ='6週'!I12 -> 0 | AN39: ='6週'!I13 -> 0
E40: ='1週'!A37 -> 12 | F40: ='1週'!B38 -> 0 | G40: ='1週'!B37 | H40: ='1週'!C37 | I40: ='1週'!B38 -> 0 | J40: ='1週'!C38 | K40: ='1週'!E37 -> 0 | L40: ='1週'!E38 -> 0 | M40: =I40&'1週'!D37 -> 0 | N40: ='1週'!I38 -> 0 | O40: ='1週'!K38 -> 0 | P40: ='1週'!M38 -> 0 | Q40: ='1週'!O38 -> 0 | R40: ='1週'!Q38 -> 0 | S40: ='1週'!S38 -> 0 | T40: ='1週'!U38 -> 0 | U40: =SUM(N40:T40) -> 0 | AI40: =DATE($AI2,$AJ2,'6週'!K9) -> #VALUE! | AJ40: ='6週'!K8 -> 火 | AK40: ='6週'!K10 -> 0 | AL40: ='6週'!K11 -> 0 | AM40: ='6週'!K12 -> 0 | AN40: ='6週'!K13 -> 0
E41: ='1週'!A39 -> 13 | F41: ='1週'!B40 -> 0 | G41: ='1週'!B39 | H41: ='1週'!C39 | I41: ='1週'!B40 -> 0 | J41: ='1週'!C40 | K41: ='1週'!E39 -> 0 | L41: ='1週'!E40 -> 0 | M41: =I41&'1週'!D39 -> 0 | N41: ='1週'!I40 -> 0 | O41: ='1週'!K40 -> 0 | P41: ='1週'!M40 -> 0 | Q41: ='1週'!O40 -> 0 | R41: ='1週'!Q40 -> 0 | S41: ='1週'!S40 -> 0 | T41: ='1週'!U40 -> 0 | U41: =SUM(N41:T41) -> 0 | AI41: =DATE($AI2,$AJ2,'6週'!M9) -> #VALUE! | AJ41: ='6週'!M8 -> 水 | AK41: ='6週'!M10 -> 0 | AL41: ='6週'!M11 -> 0 | AM41: ='6週'!M12 -> 0 | AN41: ='6週'!M13 -> 0
E42: ='1週'!A41 -> 14 | F42: ='1週'!B42 -> 0 | G42: ='1週'!B41 | H42: ='1週'!C41 | I42: ='1週'!B42 -> 0 | J42: ='1週'!C42 | K42: ='1週'!E41 -> 0 | L42: ='1週'!E42 -> 0 | M42: =I42&'1週'!D41 -> 0 | N42: ='1週'!I42 -> 0 | O42: ='1週'!K42 -> 0 | P42: ='1週'!M42 -> 0 | Q42: ='1週'!O42 -> 0 | R42: ='1週'!Q42 -> 0 | S42: ='1週'!S42 -> 0 | T42: ='1週'!U42 -> 0 | U42: =SUM(N42:T42) -> 0 | AI42: =DATE($AI2,$AJ2,'6週'!O9) -> #VALUE! | AJ42: ='6週'!O8 -> 木 | AK42: ='6週'!O10 -> 0 | AL42: ='6週'!O11 -> 0 | AM42: ='6週'!O12 -> 0 | AN42: ='6週'!O13 -> 0
E43: ='1週'!A43 -> 15 | F43: ='1週'!B44 -> 0 | G43: ='1週'!B43 | H43: ='1週'!C43 | I43: ='1週'!B44 -> 0 | J43: ='1週'!C44 | K43: ='1週'!E43 -> 0 | L43: ='1週'!E44 -> 0 | M43: =I43&'1週'!D43 -> 0 | N43: ='1週'!I44 -> 0 | O43: ='1週'!K44 -> 0 | P43: ='1週'!M44 -> 0 | Q43: ='1週'!O44 -> 0 | R43: ='1週'!Q44 -> 0 | S43: ='1週'!S44 -> 0 | T43: ='1週'!U44 -> 0 | U43: =SUM(N43:T43) -> 0 | AI43: =DATE($AI2,$AJ2,'6週'!Q9) -> #VALUE! | AJ43: ='6週'!Q8 -> 金 | AK43: ='6週'!Q10 -> 0 | AL43: ='6週'!Q11 -> 0 | AM43: ='6週'!Q12 -> 0 | AN43: ='6週'!Q13 -> 0
E44: ='1週'!A45 -> 16 | F44: ='1週'!B46 -> 0 | G44: ='1週'!B45 | H44: ='1週'!C45 | I44: ='1週'!B46 -> 0 | J44: ='1週'!C46 | K44: ='1週'!E45 -> 0 | L44: ='1週'!E46 -> 0 | M44: =I44&'1週'!D45 -> 0 | N44: ='1週'!I46 -> 0 | O44: ='1週'!K46 -> 0 | P44: ='1週'!M46 -> 0 | Q44: ='1週'!O46 -> 0 | R44: ='1週'!Q46 -> 0 | S44: ='1週'!S46 -> 0 | T44: ='1週'!U46 -> 0 | U44: =SUM(N44:T44) -> 0 | AI44: =DATE($AI2,$AJ2,'6週'!S9) -> #VALUE! | AJ44: ='6週'!S8 -> 土 | AK44: ='6週'!S10 -> 0 | AL44: ='6週'!S11 -> 0 | AM44: ='6週'!S12 -> 0 | AN44: ='6週'!S13 -> 0
E45: ='1週'!A47 -> 17 | F45: ='1週'!B48 -> 0 | G45: ='1週'!B47 | H45: ='1週'!C47 | I45: ='1週'!B48 -> 0 | J45: ='1週'!C48 | K45: ='1週'!E47 -> 0 | L45: ='1週'!E48 -> 0 | M45: =I45&'1週'!D47 -> 0 | N45: ='1週'!I48 -> 0 | O45: ='1週'!K48 -> 0 | P45: ='1週'!M48 -> 0 | Q45: ='1週'!O48 -> 0 | R45: ='1週'!Q48 -> 0 | S45: ='1週'!S48 -> 0 | T45: ='1週'!U48 -> 0 | U45: =SUM(N45:T45) -> 0 | AI45: =DATE($AI2,$AJ2,'6週'!U9) -> #VALUE! | AJ45: ='6週'!U8 -> 日 | AK45: ='6週'!U10 -> 0 | AL45: ='6週'!U11 -> 0 | AM45: ='6週'!U12 -> 0 | AN45: ='6週'!U13 -> 0
E46: ='1週'!A49 -> 18 | F46: ='1週'!B50 -> 0 | G46: ='1週'!B49 | H46: ='1週'!C49 | I46: ='1週'!B50 -> 0 | J46: ='1週'!C50 | K46: ='1週'!E49 -> 0 | L46: ='1週'!E50 -> 0 | M46: =I46&'1週'!D49 -> 0 | N46: ='1週'!I50 -> 0 | O46: ='1週'!K50 -> 0 | P46: ='1週'!M50 -> 0 | Q46: ='1週'!O50 -> 0 | R46: ='1週'!Q50 -> 0 | S46: ='1週'!S50 -> 0 | T46: ='1週'!U50 -> 0 | U46: =SUM(N46:T46) -> 0 | AN46: =SUM(AN4:AN45) -> 8.25
E47: ='1週'!A51 -> 19 | F47: ='1週'!B52 -> 0 | G47: ='1週'!B51 | H47: ='1週'!C51 | I47: ='1週'!B52 -> 0 | J47: ='1週'!C52 | K47: ='1週'!E51 -> 0 | L47: ='1週'!E52 -> 0 | M47: =I47&'1週'!D51 -> 0 | N47: ='1週'!I52 -> 0 | O47: ='1週'!K52 -> 0 | P47: ='1週'!M52 -> 0 | Q47: ='1週'!O52 -> 0 | R47: ='1週'!Q52 -> 0 | S47: ='1週'!S52 -> 0 | T47: ='1週'!U52 -> 0 | U47: =SUM(N47:T47) -> 0
E48: ='1週'!A53 -> 20 | F48: ='1週'!B54 -> 0 | G48: ='1週'!B53 | H48: ='1週'!C53 | I48: ='1週'!B54 -> 0 | J48: ='1週'!C54 | K48: ='1週'!E53 -> 0 | L48: ='1週'!E54 -> 0 | M48: =I48&'1週'!D53 -> 0 | N48: ='1週'!I54 -> 0 | O48: ='1週'!K54 -> 0 | P48: ='1週'!M54 -> 0 | Q48: ='1週'!O54 -> 0 | R48: ='1週'!Q54 -> 0 | S48: ='1週'!S54 -> 0 | T48: ='1週'!U54 -> 0 | U48: =SUM(N48:T48) -> 0
D50: ２週 | E50: ='2週'!A15 -> 1 | F50: ='2週'!B16 -> 10000 | G50: ='2週'!B15 -> 10000 | H50: ='2週'!C15 -> Yokogawa | I50: ='2週'!B16 -> 10000 | J50: ='2週'!C16 -> Rep Portal | K50: ='2週'!E15 -> 調査・分析・開発計画の準備・実施作業 | L50: ='2週'!E16 -> 0 | M50: =I50&'2週'!D15 -> 1000010102 | N50: ='2週'!I16 -> 0.20833333 | O50: ='2週'!K16 -> 0.20833333 | P50: ='2週'!M16 -> 0.20833333 | Q50: ='2週'!O16 -> 0.20833333 | R50: ='2週'!Q16 -> 0.20833333 | S50: ='2週'!S16 -> 0 | T50: ='2週'!U16 -> 0 | U50: =SUM(N50:T50) -> 1.0416667
E51: ='2週'!A17 -> 2 | F51: ='2週'!B18 -> 10000 | G51: ='2週'!B17 -> 10000 | H51: ='2週'!C17 -> Yokogawa | I51: ='2週'!B18 -> 10000 | J51: ='2週'!C18 -> Rep Portal | K51: ='2週'!E17 -> プログラムの実施 | L51: ='2週'!E18 -> 0 | M51: =I51&'2週'!D17 -> 1000030106 | N51: ='2週'!I18 -> 0.125 | O51: ='2週'!K18 -> 0.125 | P51: ='2週'!M18 -> 0.125 | Q51: ='2週'!O18 -> 0.125 | R51: ='2週'!Q18 -> 0.125 | S51: ='2週'!S18 -> 0 | T51: ='2週'!U18 -> 0 | U51: =SUM(N51:T51) -> 0.625
E52: ='2週'!A19 -> 3 | F52: ='2週'!B20 -> 10000 | G52: ='2週'!B19 -> 10000 | H52: ='2週'!C19 -> Yokogawa | I52: ='2週'!B20 -> 10000 | J52: ='2週'!C20 -> Rep Portal | K52: ='2週'!E19 -> テスト実施 | L52: ='2週'!E20 -> 0 | M52: =I52&'2週'!D19 -> 1000040108 | N52: ='2週'!I20 -> 0.10416667 | O52: ='2週'!K20 -> 0.10416667 | P52: ='2週'!M20 -> 0.10416667 | Q52: ='2週'!O20 -> 0.10416667 | R52: ='2週'!Q20 -> 0.10416667 | S52: ='2週'!S20 -> 0 | T52: ='2週'!U20 -> 0 | U52: =SUM(N52:T52) -> 0.52083333
E53: ='2週'!A21 -> 4 | F53: ='2週'!B22 -> 0 | G53: ='2週'!B21 -> 0 | H53: ='2週'!C21 -> 0 | I53: ='2週'!B22 -> 0 | J53: ='2週'!C22 -> 0 | K53: ='2週'!E21 -> 0 | L53: ='2週'!E22 -> 0 | M53: =I53&'2週'!D21 -> 0 | N53: ='2週'!I22 -> 0 | O53: ='2週'!K22 -> 0 | P53: ='2週'!M22 -> 0 | Q53: ='2週'!O22 -> 0 | R53: ='2週'!Q22 -> 0 | S53: ='2週'!S22 -> 0 | T53: ='2週'!U22 -> 0 | U53: =SUM(N53:T53) -> 0
E54: ='2週'!A23 -> 5 | F54: ='2週'!B24 -> 0 | G54: ='2週'!B23 | H54: ='2週'!C23 | I54: ='2週'!B24 -> 0 | J54: ='2週'!C24 | K54: ='2週'!E23 -> 0 | L54: ='2週'!E24 -> 0 | M54: =I54&'2週'!D23 -> 0 | N54: ='2週'!I24 -> 0 | O54: ='2週'!K24 -> 0 | P54: ='2週'!M24 -> 0 | Q54: ='2週'!O24 -> 0 | R54: ='2週'!Q24 -> 0 | S54: ='2週'!S24 -> 0 | T54: ='2週'!U24 -> 0 | U54: =SUM(N54:T54) -> 0
E55: ='2週'!A25 -> 6 | F55: ='2週'!B26 -> 0 | G55: ='2週'!B25 | H55: ='2週'!C25 | I55: ='2週'!B26 -> 0 | J55: ='2週'!C26 | K55: ='2週'!E25 -> 0 | L55: ='2週'!E26 -> 0 | M55: =I55&'2週'!D25 -> 0 | N55: ='2週'!I26 -> 0 | O55: ='2週'!K26 -> 0 | P55: ='2週'!M26 -> 0 | Q55: ='2週'!O26 -> 0 | R55: ='2週'!Q26 -> 0 | S55: ='2週'!S26 -> 0 | T55: ='2週'!U26 -> 0 | U55: =SUM(N55:T55) -> 0
E56: ='2週'!A27 -> 7 | F56: ='2週'!B28 -> 0 | G56: ='2週'!B27 | H56: ='2週'!C27 | I56: ='2週'!B28 -> 0 | J56: ='2週'!C28 | K56: ='2週'!E27 -> 0 | L56: ='2週'!E28 -> 0 | M56: =I56&'2週'!D27 -> 0 | N56: ='2週'!I28 -> 0 | O56: ='2週'!K28 -> 0 | P56: ='2週'!M28 -> 0 | Q56: ='2週'!O28 -> 0 | R56: ='2週'!Q28 -> 0 | S56: ='2週'!S28 -> 0 | T56: ='2週'!U28 -> 0 | U56: =SUM(N56:T56) -> 0
E57: ='2週'!A29 -> 8 | F57: ='2週'!B30 -> 0 | G57: ='2週'!B29 | H57: ='2週'!C29 | I57: ='2週'!B30 -> 0 | J57: ='2週'!C30 | K57: ='2週'!E29 -> 0 | L57: ='2週'!E30 -> 0 | M57: =I57&'2週'!D29 -> 0 | N57: ='2週'!I30 -> 0 | O57: ='2週'!K30 -> 0 | P57: ='2週'!M30 -> 0 | Q57: ='2週'!O30 -> 0 | R57: ='2週'!Q30 -> 0 | S57: ='2週'!S30 -> 0 | T57: ='2週'!U30 -> 0 | U57: =SUM(N57:T57) -> 0
E58: ='2週'!A31 -> 9 | F58: ='2週'!B32 -> 0 | G58: ='2週'!B31 | H58: ='2週'!C31 | I58: ='2週'!B32 -> 0 | J58: ='2週'!C32 | K58: ='2週'!E31 -> 0 | L58: ='2週'!E32 -> 0 | M58: =I58&'2週'!D31 -> 0 | N58: ='2週'!I32 -> 0 | O58: ='2週'!K32 -> 0 | P58: ='2週'!M32 -> 0 | Q58: ='2週'!O32 -> 0 | R58: ='2週'!Q32 -> 0 | S58: ='2週'!S32 -> 0 | T58: ='2週'!U32 -> 0 | U58: =SUM(N58:T58) -> 0
E59: ='2週'!A33 -> 10 | F59: ='2週'!B34 -> 0 | G59: ='2週'!B33 | H59: ='2週'!C33 | I59: ='2週'!B34 -> 0 | J59: ='2週'!C34 | K59: ='2週'!E33 -> 0 | L59: ='2週'!E34 -> 0 | M59: =I59&'2週'!D33 -> 0 | N59: ='2週'!I34 -> 0 | O59: ='2週'!K34 -> 0 | P59: ='2週'!M34 -> 0 | Q59: ='2週'!O34 -> 0 | R59: ='2週'!Q34 -> 0 | S59: ='2週'!S34 -> 0 | T59: ='2週'!U34 -> 0 | U59: =SUM(N59:T59) -> 0
E60: ='2週'!A35 -> 11 | F60: ='2週'!B36 -> 0 | G60: ='2週'!B35 | H60: ='2週'!C35 | I60: ='2週'!B36 -> 0 | J60: ='2週'!C36 | K60: ='2週'!E35 -> 0 | L60: ='2週'!E36 -> 0 | M60: =I60&'2週'!D35 -> 0 | N60: ='2週'!I36 -> 0 | O60: ='2週'!K36 -> 0 | P60: ='2週'!M36 -> 0 | Q60: ='2週'!O36 -> 0 | R60: ='2週'!Q36 -> 0 | S60: ='2週'!S36 -> 0 | T60: ='2週'!U36 -> 0 | U60: =SUM(N60:T60) -> 0
E61: ='2週'!A37 -> 12 | F61: ='2週'!B38 -> 0 | G61: ='2週'!B37 | H61: ='2週'!C37 | I61: ='2週'!B38 -> 0 | J61: ='2週'!C38 | K61: ='2週'!E37 -> 0 | L61: ='2週'!E38 -> 0 | M61: =I61&'2週'!D37 -> 0 | N61: ='2週'!I38 -> 0 | O61: ='2週'!K38 -> 0 | P61: ='2週'!M38 -> 0 | Q61: ='2週'!O38 -> 0 | R61: ='2週'!Q38 -> 0 | S61: ='2週'!S38 -> 0 | T61: ='2週'!U38 -> 0 | U61: =SUM(N61:T61) -> 0
E62: ='2週'!A39 -> 13 | F62: ='2週'!B40 -> 0 | G62: ='2週'!B39 | H62: ='2週'!C39 | I62: ='2週'!B40 -> 0 | J62: ='2週'!C40 | K62: ='2週'!E39 -> 0 | L62: ='2週'!E40 -> 0 | M62: =I62&'2週'!D39 -> 0 | N62: ='2週'!I40 -> 0 | O62: ='2週'!K40 -> 0 | P62: ='2週'!M40 -> 0 | Q62: ='2週'!O40 -> 0 | R62: ='2週'!Q40 -> 0 | S62: ='2週'!S40 -> 0 | T62: ='2週'!U40 -> 0 | U62: =SUM(N62:T62) -> 0
E63: ='2週'!A41 -> 14 | F63: ='2週'!B42 -> 0 | G63: ='2週'!B41 | H63: ='2週'!C41 | I63: ='2週'!B42 -> 0 | J63: ='2週'!C42 | K63: ='2週'!E41 -> 0 | L63: ='2週'!E42 -> 0 | M63: =I63&'2週'!D41 -> 0 | N63: ='2週'!I42 -> 0 | O63: ='2週'!K42 -> 0 | P63: ='2週'!M42 -> 0 | Q63: ='2週'!O42 -> 0 | R63: ='2週'!Q42 -> 0 | S63: ='2週'!S42 -> 0 | T63: ='2週'!U42 -> 0 | U63: =SUM(N63:T63) -> 0
E64: ='2週'!A43 -> 15 | F64: ='2週'!B44 -> 0 | G64: ='2週'!B43 | H64: ='2週'!C43 | I64: ='2週'!B44 -> 0 | J64: ='2週'!C44 | K64: ='2週'!E43 -> 0 | L64: ='2週'!E44 -> 0 | M64: =I64&'2週'!D43 -> 0 | N64: ='2週'!I44 -> 0 | O64: ='2週'!K44 -> 0 | P64: ='2週'!M44 -> 0 | Q64: ='2週'!O44 -> 0 | R64: ='2週'!Q44 -> 0 | S64: ='2週'!S44 -> 0 | T64: ='2週'!U44 -> 0 | U64: =SUM(N64:T64) -> 0
E65: ='2週'!A45 -> 16 | F65: ='2週'!B46 -> 0 | G65: ='2週'!B45 | H65: ='2週'!C45 | I65: ='2週'!B46 -> 0 | J65: ='2週'!C46 | K65: ='2週'!E45 -> 0 | L65: ='2週'!E46 -> 0 | M65: =I65&'2週'!D45 -> 0 | N65: ='2週'!I46 -> 0 | O65: ='2週'!K46 -> 0 | P65: ='2週'!M46 -> 0 | Q65: ='2週'!O46 -> 0 | R65: ='2週'!Q46 -> 0 | S65: ='2週'!S46 -> 0 | T65: ='2週'!U46 -> 0 | U65: =SUM(N65:T65) -> 0
E66: ='2週'!A47 -> 17 | F66: ='2週'!B48 -> 0 | G66: ='2週'!B47 | H66: ='2週'!C47 | I66: ='2週'!B48 -> 0 | J66: ='2週'!C48 | K66: ='2週'!E47 -> 0 | L66: ='2週'!E48 -> 0 | M66: =I66&'2週'!D47 -> 0 | N66: ='2週'!I48 -> 0 | O66: ='2週'!K48 -> 0 | P66: ='2週'!M48 -> 0 | Q66: ='2週'!O48 -> 0 | R66: ='2週'!Q48 -> 0 | S66: ='2週'!S48 -> 0 | T66: ='2週'!U48 -> 0 | U66: =SUM(N66:T66) -> 0
E67: ='2週'!A49 -> 18 | F67: ='2週'!B50 -> 0 | G67: ='2週'!B49 | H67: ='2週'!C49 | I67: ='2週'!B50 -> 0 | J67: ='2週'!C50 | K67: ='2週'!E49 -> 0 | L67: ='2週'!E50 -> 0 | M67: =I67&'2週'!D49 -> 0 | N67: ='2週'!I50 -> 0 | O67: ='2週'!K50 -> 0 | P67: ='2週'!M50 -> 0 | Q67: ='2週'!O50 -> 0 | R67: ='2週'!Q50 -> 0 | S67: ='2週'!S50 -> 0 | T67: ='2週'!U50 -> 0 | U67: =SUM(N67:T67) -> 0
E68: ='2週'!A51 -> 19 | F68: ='2週'!B52 -> 0 | G68: ='2週'!B51 | H68: ='2週'!C51 | I68: ='2週'!B52 -> 0 | J68: ='2週'!C52 | K68: ='2週'!E51 -> 0 | L68: ='2週'!E52 -> 0 | M68: =I68&'2週'!D51 -> 0 | N68: ='2週'!I52 -> 0 | O68: ='2週'!K52 -> 0 | P68: ='2週'!M52 -> 0 | Q68: ='2週'!O52 -> 0 | R68: ='2週'!Q52 -> 0 | S68: ='2週'!S52 -> 0 | T68: ='2週'!U52 -> 0 | U68: =SUM(N68:T68) -> 0
E69: ='2週'!A53 -> 20 | F69: ='2週'!B54 -> 0 | G69: ='2週'!B53 | H69: ='2週'!C53 | I69: ='2週'!B54 -> 0 | J69: ='2週'!C54 | K69: ='2週'!E53 -> 0 | L69: ='2週'!E54 -> 0 | M69: =I69&'2週'!D53 -> 0 | N69: ='2週'!I54 -> 0 | O69: ='2週'!K54 -> 0 | P69: ='2週'!M54 -> 0 | Q69: ='2週'!O54 -> 0 | R69: ='2週'!Q54 -> 0 | S69: ='2週'!S54 -> 0 | T69: ='2週'!U54 -> 0 | U69: =SUM(N69:T69) -> 0
D71: ３週 | E71: ='3週'!A15 -> 1 | F71: ='3週'!B16 -> 10000 | G71: ='3週'!B15 -> 10000 | H71: ='3週'!C15 -> Yokogawa | I71: ='3週'!B16 -> 10000 | J71: ='3週'!C16 -> Rep Portal | K71: ='3週'!E15 -> 調査・分析・実施作業 | L71: ='3週'!E16 -> 0 | M71: =I71&'3週'!D15 -> 1000010102 | N71: ='3週'!I16 -> 0.20833333 | O71: ='3週'!K16 -> 0.20833333 | P71: ='3週'!M16 -> 0.20833333 | Q71: ='3週'!O16 -> 0.20833333 | R71: ='3週'!Q16 -> 0.20833333 | S71: ='3週'!S16 -> 0 | T71: ='3週'!U16 -> 0 | U71: =SUM(N71:T71) -> 1.0416667
E72: ='3週'!A17 -> 2 | F72: ='3週'!B18 -> 10000 | G72: ='3週'!B17 -> 10000 | H72: ='3週'!C17 -> Yokogawa | I72: ='3週'!B18 -> 10000 | J72: ='3週'!C18 -> Rep Portal | K72: ='3週'!E17 -> プログラムの実施 | L72: ='3週'!E18 -> 0 | M72: =I72&'3週'!D17 -> 1000030106 | N72: ='3週'!I18 -> 0.125 | O72: ='3週'!K18 -> 0.125 | P72: ='3週'!M18 -> 0.125 | Q72: ='3週'!O18 -> 0.125 | R72: ='3週'!Q18 -> 0.125 | S72: ='3週'!S18 -> 0 | T72: ='3週'!U18 -> 0 | U72: =SUM(N72:T72) -> 0.625
E73: ='3週'!A19 -> 3 | F73: ='3週'!B20 -> 10000 | G73: ='3週'!B19 -> 10000 | H73: ='3週'!C19 -> Yokogawa | I73: ='3週'!B20 -> 10000 | J73: ='3週'!C20 -> Rep Portal | K73: ='3週'!E19 -> テスト実施 | L73: ='3週'!E20 -> 0 | M73: =I73&'3週'!D19 -> 1000040108 | N73: ='3週'!I20 -> 0.10416667 | O73: ='3週'!K20 -> 0.10416667 | P73: ='3週'!M20 -> 0.10416667 | Q73: ='3週'!O20 -> 0.10416667 | R73: ='3週'!Q20 -> 0.10416667 | S73: ='3週'!S20 -> 0 | T73: ='3週'!U20 -> 0 | U73: =SUM(N73:T73) -> 0.52083333
E74: ='3週'!A21 -> 4 | F74: ='3週'!B22 -> 0 | G74: ='3週'!B21 | H74: ='3週'!C21 | I74: ='3週'!B22 -> 0 | J74: ='3週'!C22 | K74: ='3週'!E21 -> 0 | L74: ='3週'!E22 -> 0 | M74: =I74&'3週'!D21 -> 0 | N74: ='3週'!I22 -> 0 | O74: ='3週'!K22 -> 0 | P74: ='3週'!M22 -> 0 | Q74: ='3週'!O22 -> 0 | R74: ='3週'!Q22 -> 0 | S74: ='3週'!S22 -> 0 | T74: ='3週'!U22 -> 0 | U74: =SUM(N74:T74) -> 0
E75: ='3週'!A23 -> 5 | F75: ='3週'!B24 -> 0 | G75: ='3週'!B23 | H75: ='3週'!C23 | I75: ='3週'!B24 -> 0 | J75: ='3週'!C24 | K75: ='3週'!E23 -> 0 | L75: ='3週'!E24 -> 0 | M75: =I75&'3週'!D23 -> 0 | N75: ='3週'!I24 -> 0 | O75: ='3週'!K24 -> 0 | P75: ='3週'!M24 -> 0 | Q75: ='3週'!O24 -> 0 | R75: ='3週'!Q24 -> 0 | S75: ='3週'!S24 -> 0 | T75: ='3週'!U24 -> 0 | U75: =SUM(N75:T75) -> 0
E76: ='3週'!A25 -> 6 | F76: ='3週'!B26 -> 0 | G76: ='3週'!B25 | H76: ='3週'!C25 | I76: ='3週'!B26 -> 0 | J76: ='3週'!C26 | K76: ='3週'!E25 -> 0 | L76: ='3週'!E26 -> 0 | M76: =I76&'3週'!D25 -> 0 | N76: ='3週'!I26 -> 0 | O76: ='3週'!K26 -> 0 | P76: ='3週'!M26 -> 0 | Q76: ='3週'!O26 -> 0 | R76: ='3週'!Q26 -> 0 | S76: ='3週'!S26 -> 0 | T76: ='3週'!U26 -> 0 | U76: =SUM(N76:T76) -> 0
E77: ='3週'!A27 -> 7 | F77: ='3週'!B28 -> 0 | G77: ='3週'!B27 | H77: ='3週'!C27 | I77: ='3週'!B28 -> 0 | J77: ='3週'!C28 | K77: ='3週'!E27 -> 0 | L77: ='3週'!E28 -> 0 | M77: =I77&'3週'!D27 -> 0 | N77: ='3週'!I28 -> 0 | O77: ='3週'!K28 -> 0 | P77: ='3週'!M28 -> 0 | Q77: ='3週'!O28 -> 0 | R77: ='3週'!Q28 -> 0 | S77: ='3週'!S28 -> 0 | T77: ='3週'!U28 -> 0 | U77: =SUM(N77:T77) -> 0
E78: ='3週'!A29 -> 8 | F78: ='3週'!B30 -> 0 | G78: ='3週'!B29 | H78: ='3週'!C29 | I78: ='3週'!B30 -> 0 | J78: ='3週'!C30 | K78: ='3週'!E29 -> 0 | L78: ='3週'!E30 -> 0 | M78: =I78&'3週'!D29 -> 0 | N78: ='3週'!I30 -> 0 | O78: ='3週'!K30 -> 0 | P78: ='3週'!M30 -> 0 | Q78: ='3週'!O30 -> 0 | R78: ='3週'!Q30 -> 0 | S78: ='3週'!S30 -> 0 | T78: ='3週'!U30 -> 0 | U78: =SUM(N78:T78) -> 0
E79: ='3週'!A31 -> 9 | F79: ='3週'!B32 -> 0 | G79: ='3週'!B31 | H79: ='3週'!C31 | I79: ='3週'!B32 -> 0 | J79: ='3週'!C32 | K79: ='3週'!E31 -> 0 | L79: ='3週'!E32 -> 0 | M79: =I79&'3週'!D31 -> 0 | N79: ='3週'!I32 -> 0 | O79: ='3週'!K32 -> 0 | P79: ='3週'!M32 -> 0 | Q79: ='3週'!O32 -> 0 | R79: ='3週'!Q32 -> 0 | S79: ='3週'!S32 -> 0 | T79: ='3週'!U32 -> 0 | U79: =SUM(N79:T79) -> 0
E80: ='3週'!A33 -> 10 | F80: ='3週'!B34 -> 0 | G80: ='3週'!B33 | H80: ='3週'!C33 | I80: ='3週'!B34 -> 0 | J80: ='3週'!C34 | K80: ='3週'!E33 -> 0 | L80: ='3週'!E34 -> 0 | M80: =I80&'3週'!D33 -> 0 | N80: ='3週'!I34 -> 0 | O80: ='3週'!K34 -> 0 | P80: ='3週'!M34 -> 0 | Q80: ='3週'!O34 -> 0 | R80: ='3週'!Q34 -> 0 | S80: ='3週'!S34 -> 0 | T80: ='3週'!U34 -> 0 | U80: =SUM(N80:T80) -> 0
E81: ='3週'!A35 -> 11 | F81: ='3週'!B36 -> 0 | G81: ='3週'!B35 | H81: ='3週'!C35 | I81: ='3週'!B36 -> 0 | J81: ='3週'!C36 | K81: ='3週'!E35 -> 0 | L81: ='3週'!E36 -> 0 | M81: =I81&'3週'!D35 -> 0 | N81: ='3週'!I36 -> 0 | O81: ='3週'!K36 -> 0 | P81: ='3週'!M36 -> 0 | Q81: ='3週'!O36 -> 0 | R81: ='3週'!Q36 -> 0 | S81: ='3週'!S36 -> 0 | T81: ='3週'!U36 -> 0 | U81: =SUM(N81:T81) -> 0
E82: ='3週'!A37 -> 12 | F82: ='3週'!B38 -> 0 | G82: ='3週'!B37 | H82: ='3週'!C37 | I82: ='3週'!B38 -> 0 | J82: ='3週'!C38 | K82: ='3週'!E37 -> 0 | L82: ='3週'!E38 -> 0 | M82: =I82&'3週'!D37 -> 0 | N82: ='3週'!I38 -> 0 | O82: ='3週'!K38 -> 0 | P82: ='3週'!M38 -> 0 | Q82: ='3週'!O38 -> 0 | R82: ='3週'!Q38 -> 0 | S82: ='3週'!S38 -> 0 | T82: ='3週'!U38 -> 0 | U82: =SUM(N82:T82) -> 0
E83: ='3週'!A39 -> 13 | F83: ='3週'!B40 -> 0 | G83: ='3週'!B39 | H83: ='3週'!C39 | I83: ='3週'!B40 -> 0 | J83: ='3週'!C40 | K83: ='3週'!E39 -> 0 | L83: ='3週'!E40 -> 0 | M83: =I83&'3週'!D39 -> 0 | N83: ='3週'!I40 -> 0 | O83: ='3週'!K40 -> 0 | P83: ='3週'!M40 -> 0 | Q83: ='3週'!O40 -> 0 | R83: ='3週'!Q40 -> 0 | S83: ='3週'!S40 -> 0 | T83: ='3週'!U40 -> 0 | U83: =SUM(N83:T83) -> 0
E84: ='3週'!A41 -> 14 | F84: ='3週'!B42 -> 0 | G84: ='3週'!B41 | H84: ='3週'!C41 | I84: ='3週'!B42 -> 0 | J84: ='3週'!C42 | K84: ='3週'!E41 -> 0 | L84: ='3週'!E42 -> 0 | M84: =I84&'3週'!D41 -> 0 | N84: ='3週'!I42 -> 0 | O84: ='3週'!K42 -> 0 | P84: ='3週'!M42 -> 0 | Q84: ='3週'!O42 -> 0 | R84: ='3週'!Q42 -> 0 | S84: ='3週'!S42 -> 0 | T84: ='3週'!U42 -> 0 | U84: =SUM(N84:T84) -> 0
E85: ='3週'!A43 -> 15 | F85: ='3週'!B44 -> 0 | G85: ='3週'!B43 | H85: ='3週'!C43 | I85: ='3週'!B44 -> 0 | J85: ='3週'!C44 | K85: ='3週'!E43 -> 0 | L85: ='3週'!E44 -> 0 | M85: =I85&'3週'!D43 -> 0 | N85: ='3週'!I44 -> 0 | O85: ='3週'!K44 -> 0 | P85: ='3週'!M44 -> 0 | Q85: ='3週'!O44 -> 0 | R85: ='3週'!Q44 -> 0 | S85: ='3週'!S44 -> 0 | T85: ='3週'!U44 -> 0 | U85: =SUM(N85:T85) -> 0
E86: ='3週'!A45 -> 16 | F86: ='3週'!B46 -> 0 | G86: ='3週'!B45 | H86: ='3週'!C45 | I86: ='3週'!B46 -> 0 | J86: ='3週'!C46 | K86: ='3週'!E45 -> 0 | L86: ='3週'!E46 -> 0 | M86: =I86&'3週'!D45 -> 0 | N86: ='3週'!I46 -> 0 | O86: ='3週'!K46 -> 0 | P86: ='3週'!M46 -> 0 | Q86: ='3週'!O46 -> 0 | R86: ='3週'!Q46 -> 0 | S86: ='3週'!S46 -> 0 | T86: ='3週'!U46 -> 0 | U86: =SUM(N86:T86) -> 0
E87: ='3週'!A47 -> 17 | F87: ='3週'!B48 -> 0 | G87: ='3週'!B47 | H87: ='3週'!C47 | I87: ='3週'!B48 -> 0 | J87: ='3週'!C48 | K87: ='3週'!E47 -> 0 | L87: ='3週'!E48 -> 0 | M87: =I87&'3週'!D47 -> 0 | N87: ='3週'!I48 -> 0 | O87: ='3週'!K48 -> 0 | P87: ='3週'!M48 -> 0 | Q87: ='3週'!O48 -> 0 | R87: ='3週'!Q48 -> 0 | S87: ='3週'!S48 -> 0 | T87: ='3週'!U48 -> 0 | U87: =SUM(N87:T87) -> 0
E88: ='3週'!A49 -> 18 | F88: ='3週'!B50 -> 0 | G88: ='3週'!B49 | H88: ='3週'!C49 | I88: ='3週'!B50 -> 0 | J88: ='3週'!C50 | K88: ='3週'!E49 -> 0 | L88: ='3週'!E50 -> 0 | M88: =I88&'3週'!D49 -> 0 | N88: ='3週'!I50 -> 0 | O88: ='3週'!K50 -> 0 | P88: ='3週'!M50 -> 0 | Q88: ='3週'!O50 -> 0 | R88: ='3週'!Q50 -> 0 | S88: ='3週'!S50 -> 0 | T88: ='3週'!U50 -> 0 | U88: =SUM(N88:T88) -> 0
E89: ='3週'!A51 -> 19 | F89: ='3週'!B52 -> 0 | G89: ='3週'!B51 | H89: ='3週'!C51 | I89: ='3週'!B52 -> 0 | J89: ='3週'!C52 | K89: ='3週'!E51 -> 0 | L89: ='3週'!E52 -> 0 | M89: =I89&'3週'!D51 -> 0 | N89: ='3週'!I52 -> 0 | O89: ='3週'!K52 -> 0 | P89: ='3週'!M52 -> 0 | Q89: ='3週'!O52 -> 0 | R89: ='3週'!Q52 -> 0 | S89: ='3週'!S52 -> 0 | T89: ='3週'!U52 -> 0 | U89: =SUM(N89:T89) -> 0
E90: ='3週'!A53 -> 20 | F90: ='3週'!B54 -> 0 | G90: ='3週'!B53 | H90: ='3週'!C53 | I90: ='3週'!B54 -> 0 | J90: ='3週'!C54 | K90: ='3週'!E53 -> 0 | L90: ='3週'!E54 -> 0 | M90: =I90&'3週'!D53 -> 0 | N90: ='3週'!I54 -> 0 | O90: ='3週'!K54 -> 0 | P90: ='3週'!M54 -> 0 | Q90: ='3週'!O54 -> 0 | R90: ='3週'!Q54 -> 0 | S90: ='3週'!S54 -> 0 | T90: ='3週'!U54 -> 0 | U90: =SUM(N90:T90) -> 0
D92: ４週 | E92: ='4週'!A15 -> 1 | F92: ='4週'!B16 -> 10000 | G92: ='4週'!B15 -> 10000 | H92: ='4週'!C15 -> Yokogawa | I92: ='4週'!B16 -> 10000 | J92: ='4週'!C16 -> Rep Portal | K92: ='4週'!E15 -> 調査・分析・実施作業 | L92: ='4週'!E16 -> 0 | M92: =I92&'4週'!D15 -> 1000010102 | N92: ='4週'!I16 -> 0.20833333 | O92: ='4週'!K16 -> 0.20833333 | P92: ='4週'!M16 -> 0.20833333 | Q92: ='4週'!O16 -> 0.20833333 | R92: ='4週'!Q16 -> 0.20833333 | S92: ='4週'!S16 -> 0 | T92: ='4週'!U16 -> 0 | U92: =SUM(N92:T92) -> 1.0416667
E93: ='4週'!A17 -> 2 | F93: ='4週'!B18 -> 10000 | G93: ='4週'!B17 -> 10000 | H93: ='4週'!C17 -> Yokogawa | I93: ='4週'!B18 -> 10000 | J93: ='4週'!C18 -> Rep Portal | K93: ='4週'!E17 -> プログラムの実施 | L93: ='4週'!E18 -> 0 | M93: =I93&'4週'!D17 -> 1000030106 | N93: ='4週'!I18 -> 0.125 | O93: ='4週'!K18 -> 0.125 | P93: ='4週'!M18 -> 0.125 | Q93: ='4週'!O18 -> 0.125 | R93: ='4週'!Q18 -> 0.125 | S93: ='4週'!S18 -> 0 | T93: ='4週'!U18 -> 0 | U93: =SUM(N93:T93) -> 0.625
E94: ='4週'!A19 -> 3 | F94: ='4週'!B20 -> 10000 | G94: ='4週'!B19 -> 10000 | H94: ='4週'!C19 -> Yokogawa | I94: ='4週'!B20 -> 10000 | J94: ='4週'!C20 -> Rep Portal | K94: ='4週'!E19 -> テスト実施 | L94: ='4週'!E20 -> 0 | M94: =I94&'4週'!D19 -> 1000040108 | N94: ='4週'!I20 -> 0.10416667 | O94: ='4週'!K20 -> 0.10416667 | P94: ='4週'!M20 -> 0.10416667 | Q94: ='4週'!O20 -> 0.10416667 | R94: ='4週'!Q20 -> 0.10416667 | S94: ='4週'!S20 -> 0 | T94: ='4週'!U20 -> 0 | U94: =SUM(N94:T94) -> 0.52083333
E95: ='4週'!A21 -> 4 | F95: ='4週'!B22 -> 0 | G95: ='4週'!B21 | H95: ='4週'!C21 | I95: ='4週'!B22 -> 0 | J95: ='4週'!C22 | K95: ='4週'!E21 -> 0 | L95: ='4週'!E22 -> 0 | M95: =I95&'4週'!D21 -> 0 | N95: ='4週'!I22 -> 0 | O95: ='4週'!K22 -> 0 | P95: ='4週'!M22 -> 0 | Q95: ='4週'!O22 -> 0 | R95: ='4週'!Q22 -> 0 | S95: ='4週'!S22 -> 0 | T95: ='4週'!U22 -> 0 | U95: =SUM(N95:T95) -> 0
E96: ='4週'!A23 -> 5 | F96: ='4週'!B24 -> 0 | G96: ='4週'!B23 | H96: ='4週'!C23 | I96: ='4週'!B24 -> 0 | J96: ='4週'!C24 | K96: ='4週'!E23 -> 0 | L96: ='4週'!E24 -> 0 | M96: =I96&'4週'!D23 -> 0 | N96: ='4週'!I24 -> 0 | O96: ='4週'!K24 -> 0 | P96: ='4週'!M24 -> 0 | Q96: ='4週'!O24 -> 0 | R96: ='4週'!Q24 -> 0 | S96: ='4週'!S24 -> 0 | T96: ='4週'!U24 -> 0 | U96: =SUM(N96:T96) -> 0
E97: ='4週'!A25 -> 6 | F97: ='4週'!B26 -> 0 | G97: ='4週'!B25 | H97: ='4週'!C25 | I97: ='4週'!B26 -> 0 | J97: ='4週'!C26 | K97: ='4週'!E25 -> 0 | L97: ='4週'!E26 -> 0 | M97: =I97&'4週'!D25 -> 0 | N97: ='4週'!I26 -> 0 | O97: ='4週'!K26 -> 0 | P97: ='4週'!M26 -> 0 | Q97: ='4週'!O26 -> 0 | R97: ='4週'!Q26 -> 0 | S97: ='4週'!S26 -> 0 | T97: ='4週'!U26 -> 0 | U97: =SUM(N97:T97) -> 0
E98: ='4週'!A27 -> 7 | F98: ='4週'!B28 -> 0 | G98: ='4週'!B27 | H98: ='4週'!C27 | I98: ='4週'!B28 -> 0 | J98: ='4週'!C28 | K98: ='4週'!E27 -> 0 | L98: ='4週'!E28 -> 0 | M98: =I98&'4週'!D27 -> 0 | N98: ='4週'!I28 -> 0 | O98: ='4週'!K28 -> 0 | P98: ='4週'!M28 -> 0 | Q98: ='4週'!O28 -> 0 | R98: ='4週'!Q28 -> 0 | S98: ='4週'!S28 -> 0 | T98: ='4週'!U28 -> 0 | U98: =SUM(N98:T98) -> 0
E99: ='4週'!A29 -> 8 | F99: ='4週'!B30 -> 0 | G99: ='4週'!B29 | H99: ='4週'!C29 | I99: ='4週'!B30 -> 0 | J99: ='4週'!C30 | K99: ='4週'!E29 -> 0 | L99: ='4週'!E30 -> 0 | M99: =I99&'4週'!D29 -> 0 | N99: ='4週'!I30 -> 0 | O99: ='4週'!K30 -> 0 | P99: ='4週'!M30 -> 0 | Q99: ='4週'!O30 -> 0 | R99: ='4週'!Q30 -> 0 | S99: ='4週'!S30 -> 0 | T99: ='4週'!U30 -> 0 | U99: =SUM(N99:T99) -> 0
E100: ='4週'!A31 -> 9 | F100: ='4週'!B32 -> 0 | G100: ='4週'!B31 | H100: ='4週'!C31 | I100: ='4週'!B32 -> 0 | J100: ='4週'!C32 | K100: ='4週'!E31 -> 0 | L100: ='4週'!E32 -> 0 | M100: =I100&'4週'!D31 -> 0 | N100: ='4週'!I32 -> 0 | O100: ='4週'!K32 -> 0 | P100: ='4週'!M32 -> 0 | Q100: ='4週'!O32 -> 0 | R100: ='4週'!Q32 -> 0 | S100: ='4週'!S32 -> 0 | T100: ='4週'!U32 -> 0 | U100: =SUM(N100:T100) -> 0
E101: ='4週'!A33 -> 10 | F101: ='4週'!B34 -> 0 | G101: ='4週'!B33 | H101: ='4週'!C33 | I101: ='4週'!B34 -> 0 | J101: ='4週'!C34 | K101: ='4週'!E33 -> 0 | L101: ='4週'!E34 -> 0 | M101: =I101&'4週'!D33 -> 0 | N101: ='4週'!I34 -> 0 | O101: ='4週'!K34 -> 0 | P101: ='4週'!M34 -> 0 | Q101: ='4週'!O34 -> 0 | R101: ='4週'!Q34 -> 0 | S101: ='4週'!S34 -> 0 | T101: ='4週'!U34 -> 0 | U101: =SUM(N101:T101) -> 0
E102: ='4週'!A35 -> 11 | F102: ='4週'!B36 -> 0 | G102: ='4週'!B35 | H102: ='4週'!C35 | I102: ='4週'!B36 -> 0 | J102: ='4週'!C36 | K102: ='4週'!E35 -> 0 | L102: ='4週'!E36 -> 0 | M102: =I102&'4週'!D35 -> 0 | N102: ='4週'!I36 -> 0 | O102: ='4週'!K36 -> 0 | P102: ='4週'!M36 -> 0 | Q102: ='4週'!O36 -> 0 | R102: ='4週'!Q36 -> 0 | S102: ='4週'!S36 -> 0 | T102: ='4週'!U36 -> 0 | U102: =SUM(N102:T102) -> 0
E103: ='4週'!A37 -> 12 | F103: ='4週'!B38 -> 0 | G103: ='4週'!B37 | H103: ='4週'!C37 | I103: ='4週'!B38 -> 0 | J103: ='4週'!C38 | K103: ='4週'!E37 -> 0 | L103: ='4週'!E38 -> 0 | M103: =I103&'4週'!D37 -> 0 | N103: ='4週'!I38 -> 0 | O103: ='4週'!K38 -> 0 | P103: ='4週'!M38 -> 0 | Q103: ='4週'!O38 -> 0 | R103: ='4週'!Q38 -> 0 | S103: ='4週'!S38 -> 0 | T103: ='4週'!U38 -> 0 | U103: =SUM(N103:T103) -> 0
...

Sheet 工種
A1: CD | B1: 工種 | C1: 補足説明
A2: 10102 | B2: SRS：調査・分析・開発計画の準備・実施作業 | C2: バックログ（ＳＲＢ要望など残タスク）から対応案件の決定や、ロードマップ作成にかかった時間（要求分析・調査環境の構築、対応案件の精査・SRB案件精査、基礎データの調査・分析）
A3: 10103 | B3: SRS：企画書・計画書・報告書等資料作成・修正 | C3: 要件定義書の「作成関連作業」（概算の見積(工数算出)スケジュール作成・調査結果説明資料作成）を含む
A4: 10104 | B4: SRS：打合せ | C4: 要件定義に関する「検討調整打合せ」を含む
A5: 10105 | B5: SRS：レビュー | C5: 成果物の確認作業・レビュー含む
A6: 10199 | B6: SRS：その他 | C6: 企画に関する作業で、他の内訳に合致しない作業時間
A7: 20101 | B7: 設計：外部設計書作成 | C7: 業務上の要求を分析して外部設計書を作成する時間
A8: 20103 | B8: 設計：打合せ | C8: 設計に関する「検討調整打合せ」を含む
A9: 20105 | B9: 設計：原因調査・影響範囲分析・変更仕様作成 | C9: 「保守」のみ使用、影響範囲分析等を実施し、変更仕様の資料を作成する時間
A10: 20106 | B10: 設計：設計書修正（手戻り分） | C10: プログラム作成以降、リリースまでにみつかった内部不具合を 修正した時間を入力する。 ※手戻り分のレビュー会議もこの工種を使用する
A11: 20107 | B11: 設計：その他の設計書作成 | C11: 外部設計書、ﾃｽﾄ設計書以外の設計書の作成に掛かった時間（例：運用設計書等）
A12: 20108 | B12: 設計：レビュー | C12: 成果物の確認作業・ﾚﾋﾞｭｰ含む
A13: 20109 | B13: 設計：QA対応 | C13: 設計に関する問合せ対応
... A83: 99199 | B83: 間接業務：その他 | C83: 開発業務に関しない作業で、他の内訳に合致しない作業時間や、他の工種に合致しない作業時間（日報管理にコメントの記載をする）

Sheet PJ
A2: CD | B2: システム名称 | C2: PJCD | D2: プロジェクト名称 | E2: 開始日 | F2: 完了予定日
A3: 10000 | B3: Yokogawa | C3: 10000 | D3: Rep Portal | E3: 45108 | F3: 45230

Sheet 月間集計サンプル
A1: 月間集計シート（サンプル）
L2: 1週 | M2: 2週 | N2: 3週 | O2: 4週 | P2: 5週 | Q2: 6週 | R2: 7週 | S2: 時間 | V2: ↓②当月の所定勤務日数を入力します | Z2: ＜業務管理用週別集計＞
A3: no | B3: 会社名 | C3: 氏名 | H3: ↓①集計プロジェクトコードを入力します。重複すると正しく集計できません。 | R3: 明細計と一致しています→ | S3: 6.375 | T3: 比率 | U3: 所定時間 | V3: 所定日数 | Z3: 第1週 | AA3: 第2週 | AB3: 第3週 | AC3: 第4週 | AD3: 第5週 | AE3: 第6週
A4: 1 | B4: 株式会社いろは | C4: 山田 太郎 | F4: 901 | G4: 保守 | H4: 991517 | I4: NX-Pro 所得税確定申告書 | L4: 0.3125 | M4: 0.33333333 | N4: 0.54166667 | O4: 0.33333333 | P4: 0 | Q4: 0 | R4: 0 | S4: 1.5208333 | T4: 0.23856209 | U4: =V4*"7:30" -> 6.875 | V4: 22 | Z4: 0.20833333 | AD4: 1.3125 | AF4: =SUM(Z4:AE4) -> 1.5208333
A5: 2 | F5: 301 | G5: 法人税申告書 | H5: 355039 | I5: 法人税申告書H24改正対応（復興特別法人税他） | L5: 0 | M5: 0 | N5: 0.125 | O5: 0 | P5: 0 | Q5: 0 | R5: 0 | S5: 0.125 | T5: 0.019607843 | Z5: 0.125 | AF5: =SUM(Z5:AE5) -> 0.125
A6: 3 | F6: 1851 | G6: NX-CE共通 | H6: 365021 | I6: 法人税申告書H24改正対応（基本・追加別表改正) | L6: 0.66666667 | M6: 0.66666667 | N6: 0.35416667 | O6: 0.5 | P6: 0.5 | Q6: 0 | R6: 0 | S6: 2.6875 | T6: 0.42156863 | AA6: 1.75 | AB6: 0.64583333 | AC6: 0.29166667 | AF6: =SUM(Z6:AE6) -> 2.6875
A7: 4 | F7: 1851 | G7: NX-CE共通 | H7: 362021 | I7: NX-CE共通 | L7: 0.3125 | M7: 0.33333333 | N7: 0.33333333 | O7: 0.54166667 | P7: 0.52083333 | Q7: 0 | R7: 0 | S7: 2.0416667 | T7: 0.32026144 | AB7: 0.6875 | AC7: 1.3541667 | AF7: =SUM(Z7:AE7) -> 2.0416667
A8: 5 | G8: 0 | I8: 0 | L8: 0 | M8: 0 | N8: 0 | O8: 0 | P8: 0 | Q8: 0 | R8: 0 | S8: 0 | T8: 0 | AF8: =SUM(Z8:AE8) -> 0
A9: 6 | G9: 0 | I9: 0 | L9: 0 | M9: 0 | N9: 0 | O9: 0 | P9: 0 | Q9: 0 | R9: 0 | S9: 0 | T9: 0 | AF9: =SUM(Z9:AE9) -> 0
A10: 7 | G10: 0 | I10: 0 | L10: 0 | M10: 0 | N10: 0 | O10: 0 | P10: 0 | Q10: 0 | R10: 0 | S10: 0 | T10: 0 | AF10: =SUM(Z10:AE10) -> 0
A11: 8 | G11: 0 | I11: 0 | L11: 0 | M11: 0 | N11: 0 | O11: 0 | P11: 0 | Q11: 0 | R11: 0 | S11: 0 | T11: 0 | AF11: =SUM(Z11:AE11) -> 0
A12: 9 | G12: 0 | I12: 0 | L12: 0 | M12: 0 | N12: 0 | O12: 0 | P12: 0 | Q12: 0 | R12: 0 | S12: 0 | T12: 0 | AF12: =SUM(Z12:AE12) -> 0
A13: 10 | G13: 0 | I13: 0 | L13: 0 | M13: 0 | N13: 0 | O13: 0 | P13: 0 | Q13: 0 | R13: 0 | S13: 0 | T13: 0 | AF13: =SUM(Z13:AE13) -> 0
A14: 11 | G14: 0 | I14: 0 | L14: 0 | M14: 0 | N14: 0 | O14: 0 | P14: 0 | Q14: 0 | R14: 0 | S14: 0 | T14: 0 | AF14: =SUM(Z14:AE14) -> 0
A15: 12 | G15: 0 | I15: 0 | L15: 0 | M15: 0 | N15: 0 | O15: 0 | P15: 0 | Q15: 0 | R15: 0 | S15: 0 | T15: 0 | AF15: =SUM(Z15:AE15) -> 0
Z16: ↑業務管理用集計欄
B21: 会社名 | C21: 氏名 | F21: システムコード | H21: プロジェクトコード | L21: 1週 | M21: 2週 | N21: 3週 | O21: 4週 | P21: 5週 | Q21: 6週 | R21: 7週 | S21: 6.375 | T21: 合計 | U21: ：参照表示集計
B22: 株式会社いろは | C22: 山田 太郎 | D22: １週 | E22: 1 | F22: 901 | G22: 保守 | H22: 991517 | I22: NX-Pro 所得税確定申告書 | J22: プログラム調査 | K22: 個人データ更新 | L22: 0 | M22: 0 | N22: 0.20833333 | O22: 0 | P22: 0 | Q22: 0 | R22: 0 | S22: 0.20833333
E23: 2 | F23: 301 | G23: 法人税申告書 | H23: 355039 | I23: 法人税申告書H24改正対応（復興特別法人税他） | J23: プログラム評価 | K23: データ作成 | L23: 0 | M23: 0 | N23: 0.125 | O23: 0 | P23: 0 | Q23: 0 | R23: 0 | S23: 0.125
D24: ２週 | E24: 1 | F24: 301 | G24: 法人税申告書 | H24: 365021 | I24: 法人税申告書H24改正対応（基本・追加別表改正) | J24: プログラム評価 | K24: 総合評価 | L24: 0.33333333 | M24: 0.35416667 | N24: 0.35416667 | O24: 0.375 | P24: 0.33333333 | Q24: 0 | R24: 0 | S24: 1.75
D25: ３週 | E25: 1 | F25: 301 | G25: 法人税申告書 | H25: 365021 | I25: 法人税申告書 | J25: プログラム評価 | K25: 総合評価 | L25: 0.33333333 | M25: 0.3125 | N25: 0 | O25: 0 | P25: 0 | Q25: 0 | R25: 0 | S25: 0.64583333
E26: 2 | F26: 1851 | G26: NX-CE共通 | H26: 362021 | I26: NX-CE共通 | J26: 所得税システム プログラム修正 | K26: 「顧問先」文言切替対応 | L26: 0 | M26: 0 | N26: 0 | O26: 0.33333333 | P26: 0.16666667 | Q26: 0 | R26: 0 | S26: 0.5
E27: 3 | F27: 1851 | G27: NX-CE共通 | H27: 362021 | I27: NX-CE共通 | J27: 所得税システム プログラム修正 | K27: 一括提出名簿非表示対応 | L27: 0 | M27: 0 | N27: 0 | O27: 0 | P27: 0.1875 | Q27: 0 | R27: 0 | S27: 0.1875
D28: ４週 | E28: 1 | F28: 1851 | G28: NX-CE共通 | H28: 362021 | I28: NX-CE共通 | J28: 所得税システム プログラム修正 | K28: 一括提出名簿非表示対応 | L28: 0.16666667 | M28: 0.16666667 | N28: 0.20833333 | O28: 0.125 | P28: 0 | Q28: 0 | R28: 0 | S28: 0.66666667
E29: 2 | F29: 1851 | G29: NX-CE共通 | H29: 362021 | I29: NX-CE共通 | J29: 所得税システム | K29: テスト仕様作成 | L29: 0.14583333 | M29: 0.16666667 | N29: 0 | O29: 0 | P29: 0 | Q29: 0 | R29: 0 | S29: 0.3125
E30: 3 | F30: 1851 | G30: NX-CE共通 | H30: 362021 | I30: NX-CE共通 | J30: 所得税システム プログラム評価 | K30: 単体テスト | L30: 0 | M30: 0 | N30: 0.125 | O30: 0.083333333 | P30: 0.16666667 | Q30: 0 | R30: 0 | S30: 0.375
E31: 4 | F31: 301 | G31: 法人税申告書 | H31: 365021 | I31: 法人税申告書 | J31: 電子申告対応 | K31: ５月仕様公開分の比較 | L31: 0 | M31: 0 | N31: 0 | O31: 0.125 | P31: 0.16666667 | Q31: 0 | R31: 0 | S31: 0.29166667
D32: ５週 | E32: 1 | F32: 901 | G32: 保守 | H32: 991517 | I32: NX-Pro 所得税確定申告書 | J32: 所得税確定申告書 | K32: 個人データ更新修正 | L32: 0.3125 | M32: 0 | N32: 0 | O32: 0 | P32: 0 | Q32: 0 | R32: 0 | S32: 0.3125
E33: 2 | F33: 901 | G33: 保守 | H33: 991517 | I33: NX-Pro 所得税確定申告書 | J33: 所得税確定申告書 | K33: 即時計算速度調査 プログラム修正 | L33: 0 | M33: 0.33333333 | N33: 0.33333333 | O33: 0.33333333 | P33: 0 | Q33: 0 | R33: 0 | S33: 1
A35: 【月間集計シート確認方法】
A36: ・週報からのプロジェクト工数進捗確認に利用して下さい
A37: ①本ファイルの1週～6週を入力すると、自動的に集計されます
A38: ②（①）より重複しないシステムコード・プロジェクトコードを入力すると、プロジェクト別集計が表示されます
A39: ③総時間が赤字の場合、（②）のプロジェクトが重複または不足しています
A40: ④所定日数を入力すると、当月の所定勤務時間が表示され、プロジェクト毎の比率に反映されます
A41: ⑤プロジェクト別比率より、予実の乖離を確認して下さい
A42: ※金額の概算を行う場合は必ず別途管理シートを作成することとし、本ファイルには記載しないでください
A43: ⑥翌月第二営業日までに、ファイルをStarTeamへ格納して下さい
A44: 備考：黄欄は全て自動表示となります

Sheet PJ工種集計
B1: ＰＪ工種集計シート（※月間集計シートで指定したPJについて集計します。 青色■のセル（選択列と集計期間）を指定してください。）
J2: =IF(AND($H$5<=J7,$H$6>=J7),1,0) -> 0 | K2: =IF(AND($H$5<=K7,$H$6>=K7),1,0) -> 0 | L2: =IF(AND($H$5<=L7,$H$6>=L7),1,0) -> 1 | M2: =IF(AND($H$5<=M7,$H$6>=M7),1,0) -> 1 | N2: =IF(AND($H$5<=N7,$H$6>=N7),1,0) -> 1 | O2: =IF(AND($H$5<=O7,$H$6>=O7),1,0) -> 1 | P2: =IF(AND($H$5<=P7,$H$6>=P7),1,0) -> 1 | Q2: =IF(AND($H$5<=Q7,$H$6>=Q7),1,0) -> 1 | ... AY2: =IF(AND($H$5<=AY7,$H$6>=AY7),1,0) -> 0
H4: ="今月は"&MIN(J7:AY7)&"日から"&MAX(J7:AY7)&"日です" -> 今月は1日から31日です
B5: 氏名 | C5: =月間集計シート!B4&"の"&月間集計シート!C4 -> FPTジャパンのLE NHUT THIEN | F5: 集計開始 | H5: 1 | I5: 日 | J5: １週 | Q5: 2週 | X5: 3週 | AE5: 4週 | AL5: 5週 | AS5: 6週
F6: 集計終了 | H6: 30 | I6: 日 | J6: 月曜 | K6: 火曜 | L6: 水曜 | M6: 木曜 | N6: 金曜 | O6: 土曜 | P6: 日曜 | Q6: 月曜 | R6: 火曜 | S6: 水曜 | T6: 木曜 | U6: 金曜 | V6: 土曜 | W6: 日曜 | X6: 月曜 | Y6: 火曜 | Z6: 水曜 | AA6: 木曜 | AB6: 金曜 | AC6: 土曜 | AD6: 日曜 | AE6: 月曜 | AF6: 火曜 | AG6: 水曜 | AH6: 木曜 | AI6: 金曜 | AJ6: 土曜 | AK6: 日曜 | AL6: 月曜 | AM6: 火曜 | AN6: 水曜 | AO6: 木曜 | AP6: 金曜 | AQ6: 土曜 | AR6: 日曜 | AS6: 月曜 | AT6: 火曜 | AU6: 水曜 | AV6: 木曜 | AW6: 金曜 | AX6: 土曜 | AY6: 日曜
A7: no | B7: PJ | C7: プロジェクト名 | D7: 選択 | E7: 工種CD | F7: 工種 | H7: 期間計 | J7: =IF(WEEKDAY('1週'!$B$3&"/"&'1週'!$C$3&"/"&1)=2,1,"") | K7: =IF(J7<>"",J7+1,IF(WEEKDAY('1週'!$B$3&"/"&'1週'!$C$3&"/"&1)=3,1,"")) | L7: =IF(K7<>"",K7+1,IF(WEEKDAY('1週'!$B$3&"/"&'1週'!$C$3&"/"&1)=4,1,"")) -> 1 | M7: =IF(L7<>"",L7+1,IF(WEEKDAY('1週'!$B$3&"/"&'1週'!$C$3&"/"&1)=5,1,"")) -> 2 | N7: =IF(M7<>"",M7+1,IF(WEEKDAY('1週'!$B$3&"/"&'1週'!$C$3&"/"&1)=6,1,"")) -> 3 | O7: =IF(N7<>"",N7+1,IF(WEEKDAY('1週'!$B$3&"/"&'1週'!$C$3&"/"&1)=7,1,"")) -> 4 | P7: =IF(O7<>"",O7+1,IF(WEEKDAY('1週'!$B$3&"/"&'1週'!$C$3&"/"&1)=1,1,"")) -> 5 | Q7: =P7+1 -> 6 | R7: =Q7+1 -> 7 | S7: =R7+1 -> 8 | T7: =S7+1 -> 9 | U7: =T7+1 -> 10 | V7: =U7+1 -> 11 | W7: =V7+1 -> 12 | X7: =W7+1 -> 13 | ... AK7: =AJ7+1 -> 26 | AL7: =IF(ISERR(WEEKDAY('1週'!$B$3&"/"&'1週'!$C$3&"/"&AK7+1))=TRUE,"",AK7+1) -> 27 | AM7: =IF(ISERR(WEEKDAY('1週'!$B$3&"/"&'1週'!$C$3&"/"&AK7+2))=TRUE,"",AK7+2) -> 28 | AN7: =IF(ISERR(WEEKDAY('1週'!$B$3&"/"&'1週'!$C$3&"/"&AK7+3))=TRUE,"",AK7+3) -> 29 | AO7: =IF(ISERR(WEEKDAY('1週'!$B$3&"/"&'1週'!$C$3&"/"&AK7+4))=TRUE,"",AK7+4) -> 30 | AP7: =IF(ISERR(WEEKDAY('1週'!$B$3&"/"&'1週'!$C$3&"/"&AK7+5))=TRUE,"",AK7+5) -> 31 | AQ7: =IF(ISERR(WEEKDAY('1週'!$B$3&"/"&'1週'!$C$3&"/"&AK7+6))=TRUE,"",AK7+6) | AR7: =IF(ISERR(WEEKDAY('1週'!$B$3&"/"&'1週'!$C$3&"/"&AK7+7))=TRUE,"",AK7+7) | AS7: =IF(ISERR(WEEKDAY('1週'!$B$3&"/"&'1週'!$C$3&"/"&AK7+8))=TRUE,"",AK7+8) | AT7: =IF(ISERR(WEEKDAY('1週'!$B$3&"/"&'1週'!$C$3&"/"&AK7+9))=TRUE,"",AK7+9) | AU7: =IF(ISERR(WEEKDAY('1週'!$B$3&"/"&'1週'!$C$3&"/"&AK7+10))=TRUE,"",AK7+10) | AV7: =IF(ISERR(WEEKDAY('1週'!$B$3&"/"&'1週'!$C$3&"/"&AK7+11))=TRUE,"",AK7+11) | AW7: =IF(ISERR(WEEKDAY('1週'!$B$3&"/"&'1週'!$C$3&"/"&AK7+12))=TRUE,"",AK7+12) | AX7: =IF(ISERR(WEEKDAY('1週'!$B$3&"/"&'1週'!$C$3&"/"&AK7+13))=TRUE,"",AK7+13) | AY7: =IF(ISERR(WEEKDAY('1週'!$B$3&"/"&'1週'!$C$3&"/"&AK7+14))=TRUE,"",AK7+14)
A8: 1 | B8: =月間集計シート!I4 -> 999909 | C8: =月間集計シート!J4 -> #N/A | D8: 1 | E8: 全て | F8: 合計 | H8: =SUM(J8:AY8) -> 0 | J8: =SUM(J10:J91) -> 0 | K8: =SUM(K10:K91) -> 0 | L8: =SUM(L10:L91) -> 0 | M8: =SUM(M10:M91) -> 0 | N8: =SUM(N10:N91) -> 0 | O8: =SUM(O10:O91) -> 0 | P8: =SUM(P10:P91) -> 0 | Q8: =SUM(Q10:Q91) -> 0 | ... AY8: =SUM(AY10:AY91) -> 0
A9: 1 | B9: =B8 -> 999909 | C9: =C8 -> #N/A | D9: 1 | E9: 選択計 | F9: 選択列の値が1の計 | H9: =SUM(J9:AY9) -> 0 | J9: =SUMIF($D10:$D91,1,J10:J91) -> 0 | K9: =SUMIF($D10:$D91,1,K10:K91) -> 0 | L9: =SUMIF($D10:$D91,1,L10:L91) -> 0 | M9: =SUMIF($D10:$D91,1,M10:M91) -> 0 | N9: =SUMIF($D10:$D91,1,N10:N91) -> 0 | O9: =SUMIF($D10:$D91,1,O10:O91) -> 0 | P9: =SUMIF($D10:$D91,1,P10:P91) -> 0 | Q9: =SUMIF($D10:$D91,1,Q10:Q91) -> 0 | ... AY9: =SUMIF($D10:$D91,1,AY10:AY91) -> 0
A10: 1 | B10: =B8 -> 999909 | C10: =C8 -> #N/A | E10: =工種!A2 -> 10102 | F10: =工種!B2 -> SRS：調査・分析・開発計画の準備・実施作業 | G10: =B10&E10 -> 99990910102 | H10: =SUM(J10:AY10) -> 0 | J10: =SUMIF(月間集計シート!$M$29:$M$48,$G10,月間集計シート!N$29:N$48)*J$2 -> 0 | K10: =SUMIF(月間集計シート!$M$29:$M$48,$G10,月間集計シート!O$29:O$48)*K$2 -> 0 | L10: =SUMIF(月間集計シート!$M$29:$M$48,$G10,月間集計シート!P$29:P$48)*L$2 -> 0 | M10: =SUMIF(月間集計シート!$M$29:$M$48,$G10,月間集計シート!Q$29:Q$48)*M$2 -> 0 | N10: =SUMIF(月間集計シート!$M$29:$M$48,$G10,月間集計シート!R$29:R$48)*N$2 -> 0 | O10: =SUMIF(月間集計シート!$M$29:$M$48,$G10,月間集計シート!S$29:S$48)*O$2 -> 0 | P10: =SUMIF(月間集計シート!$M$29:$M$48,$G10,月間集計シート!T$29:T$48)*P$2 -> 0 | Q10: =SUMIF(月間集計シート!$M$50:$M$69,$G10,月間集計シート!N$50:N$69)*Q$2 -> 0 | R10: =SUMIF(月間集計シート!$M$50:$M$69,$G10,月間集計シート!O$50:O$69)*R$2 -> 0 | S10: =SUMIF(月間集計シート!$M$50:$M$69,$G10,月間集計シート!P$50:P$69)*S$2 -> 0 | T10: =SUMIF(月間集計シート!$M$50:$M$69,$G10,月間集計シート!Q$50:Q$69)*T$2 -> 0 | U10: =SUMIF(月間集計シート!$M$50:$M$69,$G10,月間集計シート!R$50:R$69)*U$2 -> 0 | V10: =SUMIF(月間集計シート!$M$50:$M$69,$G10,月間集計シート!S$50:S$69)*V$2 -> 0 | W10: =SUMIF(月間集計シート!$M$50:$M$69,$G10,月間集計シート!T$50:T$69)*W$2 -> 0 | X10: =SUMIF(月間集計シート!$M$71:$M$90,$G10,月間集計シート!N$71:N$90)*X$2 -> 0 | Y10: =SUMIF(月間集計シート!$M$71:$M$90,$G10,月間集計シート!O$71:O$90)*Y$2 -> 0 | Z10: =SUMIF(月間集計シート!$M$71:$M$90,$G10,月間集計シート!P$71:P$90)*Z$2 -> 0 | AA10: =SUMIF(月間集計シート!$M$71:$M$90,$G10,月間集計シート!Q$71:Q$90)*AA$2 -> 0 | AB10: =SUMIF(月間集計シート!$M$71:$M$90,$G10,月間集計シート!R$71:R$90)*AB$2 -> 0 | AC10: =SUMIF(月間集計シート!$M$71:$M$90,$G10,月間集計シート!S$71:S$90)*AC$2 -> 0 | AD10: =SUMIF(月間集計シート!$M$71:$M$90,$G10,月間集計シート!T$71:T$90)*AD$2 -> 0 | AE10: =SUMIF(月間集計シート!$M$92:$M$111,$G10,月間集計シート!N$92:N$111)*AE$2 -> 0 | AF10: =SUMIF(月間集計シート!$M$92:$M$111,$G10,月間集計シート!O$92:O$111)*AF$2 -> 0 | AG10: =SUMIF(月間集計シート!$M$92:$M$111,$G10,月間集計シート!P$92:P$111)*AG$2 -> 0 | AH10: =SUMIF(月間集計シート!$M$92:$M$111,$G10,月間集計シート!Q$92:Q$111)*AH$2 -> 0 | AI10: =SUMIF(月間集計シート!$M$92:$M$111,$G10,月間集計シート!R$92:R$111)*AI$2 -> 0 | AJ10: =SUMIF(月間集計シート!$M$92:$M$111,$G10,月間集計シート!S$92:S$111)*AJ$2 -> 0 | AK10: =SUMIF(月間集計シート!$M$92:$M$111,$G10,月間集計シート!T$92:T$111)*AK$2 -> 0 | AL10: =SUMIF(月間集計シート!$M$113:$M$132,$G10,月間集計シート!N$113:N$132)*AL$2 -> 0 | AM10: =SUMIF(月間集計シート!$M$113:$M$132,$G10,月間集計シート!O$113:O$132)*AM$2 -> 0 | AN10: =SUMIF(月間集計シート!$M$113:$M$132,$G10,月間集計シート!P$113:P$132)*AN$2 -> 0 | AO10: =SUMIF(月間集計シート!$M$113:$M$132,$G10,月間集計シート!Q$113:Q$132)*AO$2 -> 0 | AP10: =SUMIF(月間集計シート!$M$113:$M$132,$G10,月間集計シート!R$113:R$132)*AP$2 -> 0 | AQ10: =SUMIF(月間集計シート!$M$113:$M$132,$G10,月間集計シート!S$113:S$132)*AQ$2 -> 0 | AR10: =SUMIF(月間集計シート!$M$113:$M$132,$G10,月間集計シート!T$113:T$132)*AR$2 -> 0 | AS10: =SUMIF(月間集計シート!$M$134:$M$153,$G10,月間集計シート!N$134:N$153)*AS$2 -> 0 | AT10: =SUMIF(月間集計シート!$M$134:$M$153,$G10,月間集計シート!O$134:O$153)*AT$2 -> 0 | AU10: =SUMIF(月間集計シート!$M$134:$M$153,$G10,月間集計シート!P$134:P$153)*AU$2 -> 0 | AV10: =SUMIF(月間集計シート!$M$134:$M$153,$G10,月間集計シート!Q$134:Q$153)*AV$2 -> 0 | AW10: =SUMIF(月間集計シート!$M$134:$M$153,$G10,月間集計シート!R$134:R$153)*AW$2 -> 0 | AX10: =SUMIF(月間集計シート!$M$134:$M$153,$G10,月間集計シート!S$134:S$153)*AX$2 -> 0 | AY10: =SUMIF(月間集計シート!$M$134:$M$153,$G10,月間集計シート!T$134:T$153)*AY$2 -> 0
A11: 1 | B11: =B10 -> 999909 | C11: =C10 -> #N/A | E11: =工種!A3 -> 10103 | F11: =工種!B3 -> SRS：企画書・計画書・報告書等資料作成・修正 | G11: =B11&E11 -> 99990910103 | H11: =SUM(J11:AY11) -> 0 | J11: =SUMIF(月間集計シート!$M$29:$M$48,$G11,月間集計シート!N$29:N$48)*J$2 -> 0 | K11: =SUMIF(月間集計シート!$M$29:$M$48,$G11,月間集計シート!O$29:O$48)*K$2 -> 0 | L11: =SUMIF(月間集計シート!$M$29:$M$48,$G11,月間集計シート!P$29:P$48)*L$2 -> 0 | M11: =SUMIF(月間集計シート!$M$29:$M$48,$G11,月間集計シート!Q$29:Q$48)*M$2 -> 0 | N11: =SUMIF(月間集計シート!$M$29:$M$48,$G11,月間集計シート!R$29:R$48)*N$2 -> 0 | O11: =SUMIF(月間集計シート!$M$29:$M$48,$G11,月間集計シート!S$29:S$48)*O$2 -> 0 | P11: =SUMIF(月間集計シート!$M$29:$M$48,$G11,月間集計シート!T$29:T$48)*P$2 -> 0 | Q11: =SUMIF(月間集計シート!$M$50:$M$69,$G11,月間集計シート!N$50:N$69)*Q$2 -> 0 | R11: =SUMIF(月間集計シート!$M$50:$M$69,$G11,月間集計シート!O$50:O$69)*R$2 -> 0 | S11: =SUMIF(月間集計シート!$M$50:$M$69,$G11,月間集計シート!P$50:P$69)*S$2 -> 0 | T11: =SUMIF(月間集計シート!$M$50:$M$69,$G11,月間集計シート!Q$50:Q$69)*T$2 -> 0 | U11: =SUMIF(月間集計シート!$M$50:$M$69,$G11,月間集計シート!R$50:R$69)*U$2 -> 0 | V11: =SUMIF(月間集計シート!$M$50:$M$69,$G11,月間集計シート!S$50:S$69)*V$2 -> 0 | W11: =SUMIF(月間集計シート!$M$50:$M$69,$G11,月間集計シート!T$50:T$69)*W$2 -> 0 | X11: =SUMIF(月間集計シート!$M$71:$M$90,$G11,月間集計シート!N$71:N$90)*X$2 -> 0 | Y11: =SUMIF(月間集計シート!$M$71:$M$90,$G11,月間集計シート!O$71:O$90)*Y$2 -> 0 | Z11: =SUMIF(月間集計シート!$M$71:$M$90,$G11,月間集計シート!P$71:P$90)*Z$2 -> 0 | AA11: =SUMIF(月間集計シート!$M$71:$M$90,$G11,月間集計シート!Q$71:Q$90)*AA$2 -> 0 | AB11: =SUMIF(月間集計シート!$M$71:$M$90,$G11,月間集計シート!R$71:R$90)*AB$2 -> 0 | AC11: =SUMIF(月間集計シート!$M$71:$M$90,$G11,月間集計シート!S$71:S$90)*AC$2 -> 0 | AD11: =SUMIF(月間集計シート!$M$71:$M$90,$G11,月間集計シート!T$71:T$90)*AD$2 -> 0 | AE11: =SUMIF(月間集計シート!$M$92:$M$111,$G11,月間集計シート!N$92:N$111)*AE$2 -> 0 | AF11: =SUMIF(月間集計シート!$M$92:$M$111,$G11,月間集計シート!O$92:O$111)*AF$2 -> 0 | AG11: =SUMIF(月間集計シート!$M$92:$M$111,$G11,月間集計シート!P$92:P$111)*AG$2 -> 0 | AH11: =SUMIF(月間集計シート!$M$92:$M$111,$G11,月間集計シート!Q$92:Q$111)*AH$2 -> 0 | AI11: =SUMIF(月間集計シート!$M$92:$M$111,$G11,月間集計シート!R$92:R$111)*AI$2 -> 0 | AJ11: =SUMIF(月間集計シート!$M$92:$M$111,$G11,月間集計シート!S$92:S$111)*AJ$2 -> 0 | AK11: =SUMIF(月間集計シート!$M$92:$M$111,$G11,月間集計シート!T$92:T$111)*AK$2 -> 0 | AL11: =SUMIF(月間集計シート!$M$113:$M$132,$G11,月間集計シート!N$113:N$132)*AL$2 -> 0 | AM11: =SUMIF(月間集計シート!$M$113:$M$132,$G11,月間集計シート!O$113:O$132)*AM$2 -> 0 | AN11: =SUMIF(月間集計シート!$M$113:$M$132,$G11,月間集計シート!P$113:P$132)*AN$2 -> 0 | AO11: =SUMIF(月間集計シート!$M$113:$M$132,$G11,月間集計シート!Q$113:Q$132)*AO$2 -> 0 | AP11: =SUMIF(月間集計シート!$M$113:$M$132,$G11,月間集計シート!R$113:R$132)*AP$2 -> 0 | AQ11: =SUMIF(月間集計シート!$M$113:$M$132,$G11,月間集計シート!S$113:S$132)*AQ$2 -> 0 | AR11: =SUMIF(月間集計シート!$M$113:$M$132,$G11,月間集計シート!T$113:T$132)*AR$2 -> 0 | AS11: =SUMIF(月間集計シート!$M$134:$M$153,$G11,月間集計シート!N$134:N$153)*AS$2 -> 0 | AT11: =SUMIF(月間集計シート!$M$134:$M$153,$G11,月間集計シート!O$134:O$153)*AT$2 -> 0 | AU11: =SUMIF(月間集計シート!$M$134:$M$153,$G11,月間集計シート!P$134:P$153)*AU$2 -> 0 | AV11: =SUMIF(月間集計シート!$M$134:$M$153,$G11,月間集計シート!Q$134:Q$153)*AV$2 -> 0 | AW11: =SUMIF(月間集計シート!$M$134:$M$153,$G11,月間集計シート!R$134:R$153)*AW$2 -> 0 | AX11: =SUMIF(月間集計シート!$M$134:$M$153,$G11,月間集計シート!S$134:S$153)*AX$2 -> 0 | AY11: =SUMIF(月間集計シート!$M$134:$M$153,$G11,月間集計シート!T$134:T$153)*AY$2 -> 0
A12: 1 | B12: =B11 -> 999909 | C12: =C11 -> #N/A | E12: =工種!A4 -> 10104 | F12: =工種!B4 -> SRS：打合せ | G12: =B12&E12 -> 99990910104 | H12: =SUM(J12:AY12) -> 0 | J12: =SUMIF(月間集計シート!$M$29:$M$48,$G12,月間集計シート!N$29:N$48)*J$2 -> 0 | K12: =SUMIF(月間集計シート!$M$29:$M$48,$G12,月間集計シート!O$29:O$48)*K$2 -> 0 | L12: =SUMIF(月間集計シート!$M$29:$M$48,$G12,月間集計シート!P$29:P$48)*L$2 -> 0 | M12: =SUMIF(月間集計シート!$M$29:$M$48,$G12,月間集計シート!Q$29:Q$48)*M$2 -> 0 | N12: =SUMIF(月間集計シート!$M$29:$M$48,$G12,月間集計シート!R$29:R$48)*N$2 -> 0 | O12: =SUMIF(月間集計シート!$M$29:$M$48,$G12,月間集計シート!S$29:S$48)*O$2 -> 0 | P12: =SUMIF(月間集計シート!$M$29:$M$48,$G12,月間集計シート!T$29:T$48)*P$2 -> 0 | Q12: =SUMIF(月間集計シート!$M$50:$M$69,$G12,月間集計シート!N$50:N$69)*Q$2 -> 0 | R12: =SUMIF(月間集計シート!$M$50:$M$69,$G12,月間集計シート!O$50:O$69)*R$2 -> 0 | S12: =SUMIF(月間集計シート!$M$50:$M$69,$G12,月間集計シート!P$50:P$69)*S$2 -> 0 | T12: =SUMIF(月間集計シート!$M$50:$M$69,$G12,月間集計シート!Q$50:Q$69)*T$2 -> 0 | U12: =SUMIF(月間集計シート!$M$50:$M$69,$G12,月間集計シート!R$50:R$69)*U$2 -> 0 | V12: =SUMIF(月間集計シート!$M$50:$M$69,$G12,月間集計シート!S$50:S$69)*V$2 -> 0 | W12: =SUMIF(月間集計シート!$M$50:$M$69,$G12,月間集計シート!T$50:T$69)*W$2 -> 0 | X12: =SUMIF(月間集計シート!$M$71:$M$90,$G12,月間集計シート!N$71:N$90)*X$2 -> 0 | Y12: =SUMIF(月間集計シート!$M$71:$M$90,$G12,月間集計シート!O$71:O$90)*Y$2 -> 0 | Z12: =SUMIF(月間集計シート!$M$71:$M$90,$G12,月間集計シート!P$71:P$90)*Z$2 -> 0 | AA12: =SUMIF(月間集計シート!$M$71:$M$90,$G12,月間集計シート!Q$71:Q$90)*AA$2 -> 0 | AB12: =SUMIF(月間集計シート!$M$71:$M$90,$G12,月間集計シート!R$71:R$90)*AB$2 -> 0 | AC12: =SUMIF(月間集計シート!$M$71:$M$90,$G12,月間集計シート!S$71:S$90)*AC$2 -> 0 | AD12: =SUMIF(月間集計シート!$M$71:$M$90,$G12,月間集計シート!T$71:T$90)*AD$2 -> 0 | AE12: =SUMIF(月間集計シート!$M$92:$M$111,$G12,月間集計シート!N$92:N$111)*AE$2 -> 0 | AF12: =SUMIF(月間集計シート!$M$92:$M$111,$G12,月間集計シート!O$92:O$111)*AF$2 -> 0 | AG12: =SUMIF(月間集計シート!$M$92:$M$111,$G12,月間集計シート!P$92:P$111)*AG$2 -> 0 | AH12: =SUMIF(月間集計シート!$M$92:$M$111,$G12,月間集計シート!Q$92:Q$111)*AH$2 -> 0 | AI12: =SUMIF(月間集計シート!$M$92:$M$111,$G12,月間集計シート!R$92:R$111)*AI$2 -> 0 | AJ12: =SUMIF(月間集計シート!$M$92:$M$111,$G12,月間集計シート!S$92:S$111)*AJ$2 -> 0 | AK12: =SUMIF(月間集計シート!$M$92:$M$111,$G12,月間集計シート!T$92:T$111)*AK$2 -> 0 | AL12: =SUMIF(月間集計シート!$M$113:$M$132,$G12,月間集計シート!N$113:N$132)*AL$2 -> 0 | AM12: =SUMIF(月間集計シート!$M$113:$M$132,$G12,月間集計シート!O$113:O$132)*AM$2 -> 0 | AN12: =SUMIF(月間集計シート!$M$113:$M$132,$G12,月間集計シート!P$113:P$132)*AN$2 -> 0 | AO12: =SUMIF(月間集計シート!$M$113:$M$132,$G12,月間集計シート!Q$113:Q$132)*AO$2 -> 0 | AP12: =SUMIF(月間集計シート!$M$113:$M$132,$G12,月間集計シート!R$113:R$132)*AP$2 -> 0 | AQ12: =SUMIF(月間集計シート!$M$113:$M$132,$G12,月間集計シート!S$113:S$132)*AQ$2 -> 0 | AR12: =SUMIF(月間集計シート!$M$113:$M$132,$G12,月間集計シート!T$113:T$132)*AR$2 -> 0 | AS12: =SUMIF(月間集計シート!$M$134:$M$153,$G12,月間集計シート!N$134:N$153)*AS$2 -> 0 | AT12: =SUMIF(月間集計シート!$M$134:$M$153,$G12,月間集計シート!O$134:O$153)*AT$2 -> 0 | AU12: =SUMIF(月間集計シート!$M$134:$M$153,$G12,月間集計シート!P$134:P$153)*AU$2 -> 0 | AV12: =SUMIF(月間集計シート!$M$134:$M$153,$G12,月間集計シート!Q$134:Q$153)*AV$2 -> 0 | AW12: =SUMIF(月間集計シート!$M$134:$M$153,$G12,月間集計シート!R$134:R$153)*AW$2 -> 0 | AX12: =SUMIF(月間集計シート!$M$134:$M$153,$G12,月間集計シート!S$134:S$153)*AX$2 -> 0 | AY12: =SUMIF(月間集計シート!$M$134:$M$153,$G12,月間集計シート!T$134:T$153)*AY$2 -> 0
A13: 1 | B13: =B12 -> 999909 | C13: =C12 -> #N/A | E13: =工種!A5 -> 10105 | F13: =工種!B5 -> SRS：レビュー | G13: =B13&E13 -> 99990910105 | H13: =SUM(J13:AY13) -> 0 | J13: =SUMIF(月間集計シート!$M$29:$M$48,$G13,月間集計シート!N$29:N$48)*J$2 -> 0 | K13: =SUMIF(月間集計シート!$M$29:$M$48,$G13,月間集計シート!O$29:O$48)*K$2 -> 0 | L13: =SUMIF(月間集計シート!$M$29:$M$48,$G13,月間集計シート!P$29:P$48)*L$2 -> 0 | M13: =SUMIF(月間集計シート!$M$29:$M$48,$G13,月間集計シート!Q$29:Q$48)*M$2 -> 0 | N13: =SUMIF(月間集計シート!$M$29:$M$48,$G13,月間集計シート!R$29:R$48)*N$2 -> 0 | O13: =SUMIF(月間集計シート!$M$29:$M$48,$G13,月間集計シート!S$29:S$48)*O$2 -> 0 | P13: =SUMIF(月間集計シート!$M$29:$M$48,$G13,月間集計シート!T$29:T$48)*P$2 -> 0 | Q13: =SUMIF(月間集計シート!$M$50:$M$69,$G13,月間集計シート!N$50:N$69)*Q$2 -> 0 | R13: =SUMIF(月間集計シート!$M$50:$M$69,$G13,月間集計シート!O$50:O$69)*R$2 -> 0 | S13: =SUMIF(月間集計シート!$M$50:$M$69,$G13,月間集計シート!P$50:P$69)*S$2 -> 0 | T13: =SUMIF(月間集計シート!$M$50:$M$69,$G13,月間集計シート!Q$50:Q$69)*T$2 -> 0 | U13: =SUMIF(月間集計シート!$M$50:$M$69,$G13,月間集計シート!R$50:R$69)*U$2 -> 0 | V13: =SUMIF(月間集計シート!$M$50:$M$69,$G13,月間集計シート!S$50:S$69)*V$2 -> 0 | W13: =SUMIF(月間集計シート!$M$50:$M$69,$G13,月間集計シート!T$50:T$69)*W$2 -> 0 | X13: =SUMIF(月間集計シート!$M$71:$M$90,$G13,月間集計シート!N$71:N$90)*X$2 -> 0 | Y13: =SUMIF(月間集計シート!$M$71:$M$90,$G13,月間集計シート!O$71:O$90)*Y$2 -> 0 | Z13: =SUMIF(月間集計シート!$M$71:$M$90,$G13,月間集計シート!P$71:P$90)*Z$2 -> 0 | AA13: =SUMIF(月間集計シート!$M$71:$M$90,$G13,月間集計シート!Q$71:Q$90)*AA$2 -> 0 | AB13: =SUMIF(月間集計シート!$M$71:$M$90,$G13,月間集計シート!R$71:R$90)*AB$2 -> 0 | AC13: =SUMIF(月間集計シート!$M$71:$M$90,$G13,月間集計シート!S$71:S$90)*AC$2 -> 0 | AD13: =SUMIF(月間集計シート!$M$71:$M$90,$G13,月間集計シート!T$71:T$90)*AD$2 -> 0 | AE13: =SUMIF(月間集計シート!$M$92:$M$111,$G13,月間集計シート!N$92:N$111)*AE$2 -> 0 | AF13: =SUMIF(月間集計シート!$M$92:$M$111,$G13,月間集計シート!O$92:O$111)*AF$2 -> 0 | AG13: =SUMIF(月間集計シート!$M$92:$M$111,$G13,月間集計シート!P$92:P$111)*AG$2 -> 0 | AH13: =SUMIF(月間集計シート!$M$92:$M$111,$G13,月間集計シート!Q$92:Q$111)*AH$2 -> 0 | AI13: =SUMIF(月間集計シート!$M$92:$M$111,$G13,月間集計シート!R$92:R$111)*AI$2 -> 0 | AJ13: =SUMIF(月間集計シート!$M$92:$M$111,$G13,月間集計シート!S$92:S$111)*AJ$2 -> 0 | AK13: =SUMIF(月間集計シート!$M$92:$M$111,$G13,月間集計シート!T$92:T$111)*AK$2 -> 0 | AL13: =SUMIF(月間集計シート!$M$113:$M$132,$G13,月間集計シート!N$113:N$132)*AL$2 -> 0 | AM13: =SUMIF(月間集計シート!$M$113:$M$132,$G13,月間集計シート!O$113:O$132)*AM$2 -> 0 | AN13: =SUMIF(月間集計シート!$M$113:$M$132,$G13,月間集計シート!P$113:P$132)*AN$2 -> 0 | AO13: =SUMIF(月間集計シート!$M$113:$M$132,$G13,月間集計シート!Q$113:Q$132)*AO$2 -> 0 | AP13: =SUMIF(月間集計シート!$M$113:$M$132,$G13,月間集計シート!R$113:R$132)*AP$2 -> 0 | AQ13: =SUMIF(月間集計シート!$M$113:$M$132,$G13,月間集計シート!S$113:S$132)*AQ$2 -> 0 | AR13: =SUMIF(月間集計シート!$M$113:$M$132,$G13,月間集計シート!T$113:T$132)*AR$2 -> 0 | AS13: =SUMIF(月間集計シート!$M$134:$M$153,$G13,月間集計シート!N$134:N$153)*AS$2 -> 0 | AT13: =SUMIF(月間集計シート!$M$134:$M$153,$G13,月間集計シート!O$134:O$153)*AT$2 -> 0 | AU13: =SUMIF(月間集計シート!$M$134:$M$153,$G13,月間集計シート!P$134:P$153)*AU$2 -> 0 | AV13: =SUMIF(月間集計シート!$M$134:$M$153,$G13,月間集計シート!Q$134:Q$153)*AV$2 -> 0 | AW13: =SUMIF(月間集計シート!$M$134:$M$153,$G13,月間集計シート!R$134:R$153)*AW$2 -> 0 | AX13: =SUMIF(月間集計シート!$M$134:$M$153,$G13,月間集計シート!S$134:S$153)*AX$2 -> 0 | AY13: =SUMIF(月間集計シート!$M$134:$M$153,$G13,月間集計シート!T$134:T$153)*AY$2 -> 0
A14: 1 | B14: =B13 -> 999909 | C14: =C13 -> #N/A | E14: =工種!A6 -> 10199 | F14: =工種!B6 -> SRS：その他 | G14: =B14&E14 -> 99990910199 | H14: =SUM(J14:AY14) -> 0 | J14: =SUMIF(月間集計シート!$M$29:$M$48,$G14,月間集計シート!N$29:N$48)*J$2 -> 0 | K14: =SUMIF(月間集計シート!$M$29:$M$48,$G14,月間集計シート!O$29:O$48)*K$2 -> 0 | L14: =SUMIF(月間集計シート!$M$29:$M$48,$G14,月間集計シート!P$29:P$48)*L$2 -> 0 | M14: =SUMIF(月間集計シート!$M$29:$M$48,$G14,月間集計シート!Q$29:Q$48)*M$2 -> 0 | N14: =SUMIF(月間集計シート!$M$29:$M$48,$G14,月間集計シート!R$29:R$48)*N$2 -> 0 | O14: =SUMIF(月間集計シート!$M$29:$M$48,$G14,月間集計シート!S$29:S$48)*O$2 -> 0 | P14: =SUMIF(月間集計シート!$M$29:$M$48,$G14,月間集計シート!T$29:T$48)*P$2 -> 0 | Q14: =SUMIF(月間集計シート!$M$50:$M$69,$G14,月間集計シート!N$50:N$69)*Q$2 -> 0 | R14: =SUMIF(月間集計シート!$M$50:$M$69,$G14,月間集計シート!O$50:O$69)*R$2 -> 0 | S14: =SUMIF(月間集計シート!$M$50:$M$69,$G14,月間集計シート!P$50:P$69)*S$2 -> 0 | T14: =SUMIF(月間集計シート!$M$50:$M$69,$G14,月間集計シート!Q$50:Q$69)*T$2 -> 0 | U14: =SUMIF(月間集計シート!$M$50:$M$69,$G14,月間集計シート!R$50:R$69)*U$2 -> 0 | V14: =SUMIF(月間集計シート!$M$50:$M$69,$G14,月間集計シート!S$50:S$69)*V$2 -> 0 | W14: =SUMIF(月間集計シート!$M$50:$M$69,$G14,月間集計シート!T$50:T$69)*W$2 -> 0 | X14: =SUMIF(月間集計シート!$M$71:$M$90,$G14,月間集計シート!N$71:N$90)*X$2 -> 0 | Y14: =SUMIF(月間集計シート!$M$71:$M$90,$G14,月間集計シート!O$71:O$90)*Y$2 -> 0 | Z14: =SUMIF(月間集計シート!$M$71:$M$90,$G14,月間集計シート!P$71:P$90)*Z$2 -> 0 | AA14: =SUMIF(月間集計シート!$M$71:$M$90,$G14,月間集計シート!Q$71:Q$90)*AA$2 -> 0 | AB14: =SUMIF(月間集計シート!$M$71:$M$90,$G14,月間集計シート!R$71:R$90)*AB$2 -> 0 | AC14: =SUMIF(月間集計シート!$M$71:$M$90,$G14,月間集計シート!S$71:S$90)*AC$2 -> 0 | AD14: =SUMIF(月間集計シート!$M$71:$M$90,$G14,月間集計シート!T$71:T$90)*AD$2 -> 0 | AE14: =SUMIF(月間集計シート!$M$92:$M$111,$G14,月間集計シート!N$92:N$111)*AE$2 -> 0 | AF14: =SUMIF(月間集計シート!$M$92:$M$111,$G14,月間集計シート!O$92:O$111)*AF$2 -> 0 | AG14: =SUMIF(月間集計シート!$M$92:$M$111,$G14,月間集計シート!P$92:P$111)*AG$2 -> 0 | AH14: =SUMIF(月間集計シート!$M$92:$M$111,$G14,月間集計シート!Q$92:Q$111)*AH$2 -> 0 | AI14: =SUMIF(月間集計シート!$M$92:$M$111,$G14,月間集計シート!R$92:R$111)*AI$2 -> 0 | AJ14: =SUMIF(月間集計シート!$M$92:$M$111,$G14,月間集計シート!S$92:S$111)*AJ$2 -> 0 | AK14: =SUMIF(月間集計シート!$M$92:$M$111,$G14,月間集計シート!T$92:T$111)*AK$2 -> 0 | AL14: =SUMIF(月間集計シート!$M$113:$M$132,$G14,月間集計シート!N$113:N$132)*AL$2 -> 0 | AM14: =SUMIF(月間集計シート!$M$113:$M$132,$G14,月間集計シート!O$113:O$132)*AM$2 -> 0 | AN14: =SUMIF(月間集計シート!$M$113:$M$132,$G14,月間集計シート!P$113:P$132)*AN$2 -> 0 | AO14: =SUMIF(月間集計シート!$M$113:$M$132,$G14,月間集計シート!Q$113:Q$132)*AO$2 -> 0 | AP14: =SUMIF(月間集計シート!$M$113:$M$132,$G14,月間集計シート!R$113:R$132)*AP$2 -> 0 | AQ14: =SUMIF(月間集計シート!$M$113:$M$132,$G14,月間集計シート!S$113:S$132)*AQ$2 -> 0 | AR14: =SUMIF(月間集計シート!$M$113:$M$132,$G14,月間集計シート!T$113:T$132)*AR$2 -> 0 | AS14: =SUMIF(月間集計シート!$M$134:$M$153,$G14,月間集計シート!N$134:N$153)*AS$2 -> 0 | AT14: =SUMIF(月間集計シート!$M$134:$M$153,$G14,月間集計シート!O$134:O$153)*AT$2 -> 0 | AU14: =SUMIF(月間集計シート!$M$134:$M$153,$G14,月間集計シート!P$134:P$153)*AU$2 -> 0 | AV14: =SUMIF(月間集計シート!$M$134:$M$153,$G14,月間集計シート!Q$134:Q$153)*AV$2 -> 0 | AW14: =SUMIF(月間集計シート!$M$134:$M$153,$G14,月間集計シート!R$134:R$153)*AW$2 -> 0 | AX14: =SUMIF(月間集計シート!$M$134:$M$153,$G14,月間集計シート!S$134:S$153)*AX$2 -> 0 | AY14: =SUMIF(月間集計シート!$M$134:$M$153,$G14,月間集計シート!T$134:T$153)*AY$2 -> 0
A15: 1 | B15: =B14 -> 999909 | C15: =C14 -> #N/A | E15: =工種!A7 -> 20101 | F15: =工種!B7 -> 設計：外部設計書作成 | G15: =B15&E15 -> 99990920101 | H15: =SUM(J15:AY15) -> 0 | J15: =SUMIF(月間集計シート!$M$29:$M$48,$G15,月間集計シート!N$29:N$48)*J$2 -> 0 | K15: =SUMIF(月間集計シート!$M$29:$M$48,$G15,月間集計シート!O$29:O$48)*K$2 -> 0 | L15: =SUMIF(月間集計シート!$M$29:$M$48,$G15,月間集計シート!P$29:P$48)*L$2 -> 0 | M15: =SUMIF(月間集計シート!$M$29:$M$48,$G15,月間集計シート!Q$29:Q$48)*M$2 -> 0 | N15: =SUMIF(月間集計シート!$M$29:$M$48,$G15,月間集計シート!R$29:R$48)*N$2 -> 0 | O15: =SUMIF(月間集計シート!$M$29:$M$48,$G15,月間集計シート!S$29:S$48)*O$2 -> 0 | P15: =SUMIF(月間集計シート!$M$29:$M$48,$G15,月間集計シート!T$29:T$48)*P$2 -> 0 | Q15: =SUMIF(月間集計シート!$M$50:$M$69,$G15,月間集計シート!N$50:N$69)*Q$2 -> 0 | R15: =SUMIF(月間集計シート!$M$50:$M$69,$G15,月間集計シート!O$50:O$69)*R$2 -> 0 | S15: =SUMIF(月間集計シート!$M$50:$M$69,$G15,月間集計シート!P$50:P$69)*S$2 -> 0 | T15: =SUMIF(月間集計シート!$M$50:$M$69,$G15,月間集計シート!Q$50:Q$69)*T$2 -> 0 | U15: =SUMIF(月間集計シート!$M$50:$M$69,$G15,月間集計シート!R$50:R$69)*U$2 -> 0 | V15: =SUMIF(月間集計シート!$M$50:$M$69,$G15,月間集計シート!S$50:S$69)*V$2 -> 0 | W15: =SUMIF(月間集計シート!$M$50:$M$69,$G15,月間集計シート!T$50:T$69)*W$2 -> 0 | X15: =SUMIF(月間集計シート!$M$71:$M$90,$G15,月間集計シート!N$71:N$90)*X$2 -> 0 | Y15: =SUMIF(月間集計シート!$M$71:$M$90,$G15,月間集計シート!O$71:O$90)*Y$2 -> 0 | Z15: =SUMIF(月間集計シート!$M$71:$M$90,$G15,月間集計シート!P$71:P$90)*Z$2 -> 0 | AA15: =SUMIF(月間集計シート!$M$71:$M$90,$G15,月間集計シート!Q$71:Q$90)*AA$2 -> 0 | AB15: =SUMIF(月間集計シート!$M$71:$M$90,$G15,月間集計シート!R$71:R$90)*AB$2 -> 0 | AC15: =SUMIF(月間集計シート!$M$71:$M$90,$G15,月間集計シート!S$71:S$90)*AC$2 -> 0 | AD15: =SUMIF(月間集計シート!$M$71:$M$90,$G15,月間集計シート!T$71:T$90)*AD$2 -> 0 | AE15: =SUMIF(月間集計シート!$M$92:$M$111,$G15,月間集計シート!N$92:N$111)*AE$2 -> 0 | AF15: =SUMIF(月間集計シート!$M$92:$M$111,$G15,月間集計シート!O$92:O$111)*AF$2 -> 0 | AG15: =SUMIF(月間集計シート!$M$92:$M$111,$G15,月間集計シート!P$92:P$111)*AG$2 -> 0 | AH15: =SUMIF(月間集計シート!$M$92:$M$111,$G15,月間集計シート!Q$92:Q$111)*AH$2 -> 0 | AI15: =SUMIF(月間集計シート!$M$92:$M$111,$G15,月間集計シート!R$92:R$111)*AI$2 -> 0 | AJ15: =SUMIF(月間集計シート!$M$92:$M$111,$G15,月間集計シート!S$92:S$111)*AJ$2 -> 0 | AK15: =SUMIF(月間集計シート!$M$92:$M$111,$G15,月間集計シート!T$92:T$111)*AK$2 -> 0 | AL15: =SUMIF(月間集計シート!$M$113:$M$132,$G15,月間集計シート!N$113:N$132)*AL$2 -> 0 | AM15: =SUMIF(月間集計シート!$M$113:$M$132,$G15,月間集計シート!O$113:O$132)*AM$2 -> 0 | AN15: =SUMIF(月間集計シート!$M$113:$M$132,$G15,月間集計シート!P$113:P$132)*AN$2 -> 0 | AO15: =SUMIF(月間集計シート!$M$113:$M$132,$G15,月間集計シート!Q$113:Q$132)*AO$2 -> 0 | AP15: =SUMIF(月間集計シート!$M$113:$M$132,$G15,月間集計シート!R$113:R$132)*AP$2 -> 0 | AQ15: =SUMIF(月間集計シート!$M$113:$M$132,$G15,月間集計シート!S$113:S$132)*AQ$2 -> 0 | AR15: =SUMIF(月間集計シート!$M$113:$M$132,$G15,月間集計シート!T$113:T$132)*AR$2 -> 0 | AS15: =SUMIF(月間集計シート!$M$134:$M$153,$G15,月間集計シート!N$134:N$153)*AS$2 -> 0 | AT15: =SUMIF(月間集計シート!$M$134:$M$153,$G15,月間集計シート!O$134:O$153)*AT$2 -> 0 | AU15: =SUMIF(月間集計シート!$M$134:$M$153,$G15,月間集計シート!P$134:P$153)*AU$2 -> 0 | AV15: =SUMIF(月間集計シート!$M$134:$M$153,$G15,月間集計シート!Q$134:Q$153)*AV$2 -> 0 | AW15: =SUMIF(月間集計シート!$M$134:$M$153,$G15,月間集計シート!R$134:R$153)*AW$2 -> 0 | AX15: =SUMIF(月間集計シート!$M$134:$M$153,$G15,月間集計シート!S$134:S$153)*AX$2 -> 0 | AY15: =SUMIF(月間集計シート!$M$134:$M$153,$G15,月間集計シート!T$134:T$153)*AY$2 -> 0
A16: 1 | B16: =B15 -> 999909 | C16: =C15 -> #N/A | E16: =工種!A8 -> 20103 | F16: =工種!B8 -> 設計：打合せ | G16: =B16&E16 -> 99990920103 | H16: =SUM(J16:AY16) -> 0 | J16: =SUMIF(月間集計シート!$M$29:$M$48,$G16,月間集計シート!N$29:N$48)*J$2 -> 0 | K16: =SUMIF(月間集計シート!$M$29:$M$48,$G16,月間集計シート!O$29:O$48)*K$2 -> 0 | L16: =SUMIF(月間集計シート!$M$29:$M$48,$G16,月間集計シート!P$29:P$48)*L$2 -> 0 | M16: =SUMIF(月間集計シート!$M$29:$M$48,$G16,月間集計シート!Q$29:Q$48)*M$2 -> 0 | N16: =SUMIF(月間集計シート!$M$29:$M$48,$G16,月間集計シート!R$29:R$48)*N$2 -> 0 | O16: =SUMIF(月間集計シート!$M$29:$M$48,$G16,月間集計シート!S$29:S$48)*O$2 -> 0 | P16: =SUMIF(月間集計シート!$M$29:$M$48,$G16,月間集計シート!T$29:T$48)*P$2 -> 0 | Q16: =SUMIF(月間集計シート!$M$50:$M$69,$G16,月間集計シート!N$50:N$69)*Q$2 -> 0 | R16: =SUMIF(月間集計シート!$M$50:$M$69,$G16,月間集計シート!O$50:O$69)*R$2 -> 0 | S16: =SUMIF(月間集計シート!$M$50:$M$69,$G16,月間集計シート!P$50:P$69)*S$2 -> 0 | T16: =SUMIF(月間集計シート!$M$50:$M$69,$G16,月間集計シート!Q$50:Q$69)*T$2 -> 0 | U16: =SUMIF(月間集計シート!$M$50:$M$69,$G16,月間集計シート!R$50:R$69)*U$2 -> 0 | V16: =SUMIF(月間集計シート!$M$50:$M$69,$G16,月間集計シート!S$50:S$69)*V$2 -> 0 | W16: =SUMIF(月間集計シート!$M$50:$M$69,$G16,月間集計シート!T$50:T$69)*W$2 -> 0 | X16: =SUMIF(月間集計シート!$M$71:$M$90,$G16,月間集計シート!N$71:N$90)*X$2 -> 0 | Y16: =SUMIF(月間集計シート!$M$71:$M$90,$G16,月間集計シート!O$71:O$90)*Y$2 -> 0 | Z16: =SUMIF(月間集計シート!$M$71:$M$90,$G16,月間集計シート!P$71:P$90)*Z$2 -> 0 | AA16: =SUMIF(月間集計シート!$M$71:$M$90,$G16,月間集計シート!Q$71:Q$90)*AA$2 -> 0 | AB16: =SUMIF(月間集計シート!$M$71:$M$90,$G16,月間集計シート!R$71:R$90)*AB$2 -> 0 | AC16: =SUMIF(月間集計シート!$M$71:$M$90,$G16,月間集計シート!S$71:S$90)*AC$2 -> 0 | AD16: =SUMIF(月間集計シート!$M$71:$M$90,$G16,月間集計シート!T$71:T$90)*AD$2 -> 0 | AE16: =SUMIF(月間集計シート!$M$92:$M$111,$G16,月間集計シート!N$92:N$111)*AE$2 -> 0 | AF16: =SUMIF(月間集計シート!$M$92:$M$111,$G16,月間集計シート!O$92:O$111)*AF$2 -> 0 | AG16: =SUMIF(月間集計シート!$M$92:$M$111,$G16,月間集計シート!P$92:P$111)*AG$2 -> 0 | AH16: =SUMIF(月間集計シート!$M$92:$M$111,$G16,月間集計シート!Q$92:Q$111)*AH$2 -> 0 | AI16: =SUMIF(月間集計シート!$M$92:$M$111,$G16,月間集計シート!R$92:R$111)*AI$2 -> 0 | AJ16: =SUMIF(月間集計シート!$M$92:$M$111,$G16,月間集計シート!S$92:S$111)*AJ$2 -> 0 | AK16: =SUMIF(月間集計シート!$M$92:$M$111,$G16,月間集計シート!T$92:T$111)*AK$2 -> 0 | AL16: =SUMIF(月間集計シート!$M$113:$M$132,$G16,月間集計シート!N$113:N$132)*AL$2 -> 0 | AM16: =SUMIF(月間集計シート!$M$113:$M$132,$G16,月間集計シート!O$113:O$132)*AM$2 -> 0 | AN16: =SUMIF(月間集計シート!$M$113:$M$132,$G16,月間集計シート!P$113:P$132)*AN$2 -> 0 | AO16: =SUMIF(月間集計シート!$M$113:$M$132,$G16,月間集計シート!Q$113:Q$132)*AO$2 -> 0 | AP16: =SUMIF(月間集計シート!$M$113:$M$132,$G16,月間集計シート!R$113:R$132)*AP$2 -> 0 | AQ16: =SUMIF(月間集計シート!$M$113:$M$132,$G16,月間集計シート!S$113:S$132)*AQ$2 -> 0 | AR16: =SUMIF(月間集計シート!$M$113:$M$132,$G16,月間集計シート!T$113:T$132)*AR$2 -> 0 | AS16: =SUMIF(月間集計シート!$M$134:$M$153,$G16,月間集計シート!N$134:N$153)*AS$2 -> 0 | AT16: =SUMIF(月間集計シート!$M$134:$M$153,$G16,月間集計シート!O$134:O$153)*AT$2 -> 0 | AU16: =SUMIF(月間集計シート!$M$134:$M$153,$G16,月間集計シート!P$134:P$153)*AU$2 -> 0 | AV16: =SUMIF(月間集計シート!$M$134:$M$153,$G16,月間集計シート!Q$134:Q$153)*AV$2 -> 0 | AW16: =SUMIF(月間集計シート!$M$134:$M$153,$G16,月間集計シート!R$134:R$153)*AW$2 -> 0 | AX16: =SUMIF(月間集計シート!$M$134:$M$153,$G16,月間集計シート!S$134:S$153)*AX$2 -> 0 | AY16: =SUMIF(月間集計シート!$M$134:$M$153,$G16,月間集計シート!T$134:T$153)*AY$2 -> 0
A17: 1 | B17: =B16 -> 999909 | C17: =C16 -> #N/A | E17: =工種!A9 -> 20105 | F17: =工種!B9 -> 設計：原因調査・影響範囲分析・変更仕様作成 | G17: =B17&E17 -> 99990920105 | H17: =SUM(J17:AY17) -> 0 | J17: =SUMIF(月間集計シート!$M$29:$M$48,$G17,月間集計シート!N$29:N$48)*J$2 -> 0 | K17: =SUMIF(月間集計シート!$M$29:$M$48,$G17,月間集計シート!O$29:O$48)*K$2 -> 0 | L17: =SUMIF(月間集計シート!$M$29:$M$48,$G17,月間集計シート!P$29:P$48)*L$2 -> 0 | M17: =SUMIF(月間集計シート!$M$29:$M$48,$G17,月間集計シート!Q$29:Q$48)*M$2 -> 0 | N17: =SUMIF(月間集計シート!$M$29:$M$48,$G17,月間集計シート!R$29:R$48)*N$2 -> 0 | O17: =SUMIF(月間集計シート!$M$29:$M$48,$G17,月間集計シート!S$29:S$48)*O$2 -> 0 | P17: =SUMIF(月間集計シート!$M$29:$M$48,$G17,月間集計シート!T$29:T$48)*P$2 -> 0 | Q17: =SUMIF(月間集計シート!$M$50:$M$69,$G17,月間集計シート!N$50:N$69)*Q$2 -> 0 | R17: =SUMIF(月間集計シート!$M$50:$M$69,$G17,月間集計シート!O$50:O$69)*R$2 -> 0 | S17: =SUMIF(月間集計シート!$M$50:$M$69,$G17,月間集計シート!P$50:P$69)*S$2 -> 0 | T17: =SUMIF(月間集計シート!$M$50:$M$69,$G17,月間集計シート!Q$50:Q$69)*T$2 -> 0 | U17: =SUMIF(月間集計シート!$M$50:$M$69,$G17,月間集計シート!R$50:R$69)*U$2 -> 0 | V17: =SUMIF(月間集計シート!$M$50:$M$69,$G17,月間集計シート!S$50:S$69)*V$2 -> 0 | W17: =SUMIF(月間集計シート!$M$50:$M$69,$G17,月間集計シート!T$50:T$69)*W$2 -> 0 | X17: =SUMIF(月間集計シート!$M$71:$M$90,$G17,月間集計シート!N$71:N$90)*X$2 -> 0 | Y17: =SUMIF(月間集計シート!$M$71:$M$90,$G17,月間集計シート!O$71:O$90)*Y$2 -> 0 | Z17: =SUMIF(月間集計シート!$M$71:$M$90,$G17,月間集計シート!P$71:P$90)*Z$2 -> 0 | AA17: =SUMIF(月間集計シート!$M$71:$M$90,$G17,月間集計シート!Q$71:Q$90)*AA$2 -> 0 | AB17: =SUMIF(月間集計シート!$M$71:$M$90,$G17,月間集計シート!R$71:R$90)*AB$2 -> 0 | AC17: =SUMIF(月間集計シート!$M$71:$M$90,$G17,月間集計シート!S$71:S$90)*AC$2 -> 0 | AD17: =SUMIF(月間集計シート!$M$71:$M$90,$G17,月間集計シート!T$71:T$90)*AD$2 -> 0 | AE17: =SUMIF(月間集計シート!$M$92:$M$111,$G17,月間集計シート!N$92:N$111)*AE$2 -> 0 | AF17: =SUMIF(月間集計シート!$M$92:$M$111,$G17,月間集計シート!O$92:O$111)*AF$2 -> 0 | AG17: =SUMIF(月間集計シート!$M$92:$M$111,$G17,月間集計シート!P$92:P$111)*AG$2 -> 0 | AH17: =SUMIF(月間集計シート!$M$92:$M$111,$G17,月間集計シート!Q$92:Q$111)*AH$2 -> 0 | AI17: =SUMIF(月間集計シート!$M$92:$M$111,$G17,月間集計シート!R$92:R$111)*AI$2 -> 0 | AJ17: =SUMIF(月間集計シート!$M$92:$M$111,$G17,月間集計シート!S$92:S$111)*AJ$2 -> 0 | AK17: =SUMIF(月間集計シート!$M$92:$M$111,$G17,月間集計シート!T$92:T$111)*AK$2 -> 0 | AL17: =SUMIF(月間集計シート!$M$113:$M$132,$G17,月間集計シート!N$113:N$132)*AL$2 -> 0 | AM17: =SUMIF(月間集計シート!$M$113:$M$132,$G17,月間集計シート!O$113:O$132)*AM$2 -> 0 | AN17: =SUMIF(月間集計シート!$M$113:$M$132,$G17,月間集計シート!P$113:P$132)*AN$2 -> 0 | AO17: =SUMIF(月間集計シート!$M$113:$M$132,$G17,月間集計シート!Q$113:Q$132)*AO$2 -> 0 | AP17: =SUMIF(月間集計シート!$M$113:$M$132,$G17,月間集計シート!R$113:R$132)*AP$2 -> 0 | AQ17: =SUMIF(月間集計シート!$M$113:$M$132,$G17,月間集計シート!S$113:S$132)*AQ$2 -> 0 | AR17: =SUMIF(月間集計シート!$M$113:$M$132,$G17,月間集計シート!T$113:T$132)*AR$2 -> 0 | AS17: =SUMIF(月間集計シート!$M$134:$M$153,$G17,月間集計シート!N$134:N$153)*AS$2 -> 0 | AT17: =SUMIF(月間集計シート!$M$134:$M$153,$G17,月間集計シート!O$134:O$153)*AT$2 -> 0 | AU17: =SUMIF(月間集計シート!$M$134:$M$153,$G17,月間集計シート!P$134:P$153)*AU$2 -> 0 | AV17: =SUMIF(月間集計シート!$M$134:$M$153,$G17,月間集計シート!Q$134:Q$153)*AV$2 -> 0 | AW17: =SUMIF(月間集計シート!$M$134:$M$153,$G17,月間集計シート!R$134:R$153)*AW$2 -> 0 | AX17: =SUMIF(月間集計シート!$M$134:$M$153,$G17,月間集計シート!S$134:S$153)*AX$2 -> 0 | AY17: =SUMIF(月間集計シート!$M$134:$M$153,$G17,月間集計シート!T$134:T$153)*AY$2 -> 0
A18: 1 | B18: =B17 -> 999909 | C18: =C17 -> #N/A | E18: =工種!A10 -> 20106 | F18: =工種!B10 -> 設計：設計書修正（手戻り分） | G18: =B18&E18 -> 99990920106 | H18: =SUM(J18:AY18) -> 0 | J18: =SUMIF(月間集計シート!$M$29:$M$48,$G18,月間集計シート!N$29:N$48)*J$2 -> 0 | K18: =SUMIF(月間集計シート!$M$29:$M$48,$G18,月間集計シート!O$29:O$48)*K$2 -> 0 | L18: =SUMIF(月間集計シート!$M$29:$M$48,$G18,月間集計シート!P$29:P$48)*L$2 -> 0 | M18: =SUMIF(月間集計シート!$M$29:$M$48,$G18,月間集計シート!Q$29:Q$48)*M$2 -> 0 | N18: =SUMIF(月間集計シート!$M$29:$M$48,$G18,月間集計シート!R$29:R$48)*N$2 -> 0 | O18: =SUMIF(月間集計シート!$M$29:$M$48,$G18,月間集計シート!S$29:S$48)*O$2 -> 0 | P18: =SUMIF(月間集計シート!$M$29:$M$48,$G18,月間集計シート!T$29:T$48)*P$2 -> 0 | Q18: =SUMIF(月間集計シート!$M$50:$M$69,$G18,月間集計シート!N$50:N$69)*Q$2 -> 0 | R18: =SUMIF(月間集計シート!$M$50:$M$69,$G18,月間集計シート!O$50:O$69)*R$2 -> 0 | S18: =SUMIF(月間集計シート!$M$50:$M$69,$G18,月間集計シート!P$50:P$69)*S$2 -> 0 | T18: =SUMIF(月間集計シート!$M$50:$M$69,$G18,月間集計シート!Q$50:Q$69)*T$2 -> 0 | U18: =SUMIF(月間集計シート!$M$50:$M$69,$G18,月間集計シート!R$50:R$69)*U$2 -> 0 | V18: =SUMIF(月間集計シート!$M$50:$M$69,$G18,月間集計シート!S$50:S$69)*V$2 -> 0 | W18: =SUMIF(月間集計シート!$M$50:$M$69,$G18,月間集計シート!T$50:T$69)*W$2 -> 0 | X18: =SUMIF(月間集計シート!$M$71:$M$90,$G18,月間集計シート!N$71:N$90)*X$2 -> 0 | Y18: =SUMIF(月間集計シート!$M$71:$M$90,$G18,月間集計シート!O$71:O$90)*Y$2 -> 0 | Z18: =SUMIF(月間集計シート!$M$71:$M$90,$G18,月間集計シート!P$71:P$90)*Z$2 -> 0 | AA18: =SUMIF(月間集計シート!$M$71:$M$90,$G18,月間集計シート!Q$71:Q$90)*AA$2 -> 0 | AB18: =SUMIF(月間集計シート!$M$71:$M$90,$G18,月間集計シート!R$71:R$90)*AB$2 -> 0 | AC18: =SUMIF(月間集計シート!$M$71:$M$90,$G18,月間集計シート!S$71:S$90)*AC$2 -> 0 | AD18: =SUMIF(月間集計シート!$M$71:$M$90,$G18,月間集計シート!T$71:T$90)*AD$2 -> 0 | AE18: =SUMIF(月間集計シート!$M$92:$M$111,$G18,月間集計シート!N$92:N$111)*AE$2 -> 0 | AF18: =SUMIF(月間集計シート!$M$92:$M$111,$G18,月間集計シート!O$92:O$111)*AF$2 -> 0 | AG18: =SUMIF(月間集計シート!$M$92:$M$111,$G18,月間集計シート!P$92:P$111)*AG$2 -> 0 | AH18: =SUMIF(月間集計シート!$M$92:$M$111,$G18,月間集計シート!Q$92:Q$111)*AH$2 -> 0 | AI18: =SUMIF(月間集計シート!$M$92:$M$111,$G18,月間集計シート!R$92:R$111)*AI$2 -> 0 | AJ18: =SUMIF(月間集計シート!$M$92:$M$111,$G18,月間集計シート!S$92:S$111)*AJ$2 -> 0 | AK18: =SUMIF(月間集計シート!$M$92:$M$111,$G18,月間集計シート!T$92:T$111)*AK$2 -> 0 | AL18: =SUMIF(月間集計シート!$M$113:$M$132,$G18,月間集計シート!N$113:N$132)*AL$2 -> 0 | AM18: =SUMIF(月間集計シート!$M$113:$M$132,$G18,月間集計シート!O$113:O$132)*AM$2 -> 0 | AN18: =SUMIF(月間集計シート!$M$113:$M$132,$G18,月間集計シート!P$113:P$132)*AN$2 -> 0 | AO18: =SUMIF(月間集計シート!$M$113:$M$132,$G18,月間集計シート!Q$113:Q$132)*AO$2 -> 0 | AP18: =SUMIF(月間集計シート!$M$113:$M$132,$G18,月間集計シート!R$113:R$132)*AP$2 -> 0 | AQ18: =SUMIF(月間集計シート!$M$113:$M$132,$G18,月間集計シート!S$113:S$132)*AQ$2 -> 0 | AR18: =SUMIF(月間集計シート!$M$113:$M$132,$G18,月間集計シート!T$113:T$132)*AR$2 -> 0 | AS18: =SUMIF(月間集計シート!$M$134:$M$153,$G18,月間集計シート!N$134:N$153)*AS$2 -> 0 | AT18: =SUMIF(月間集計シート!$M$134:$M$153,$G18,月間集計シート!O$134:O$153)*AT$2 -> 0 | AU18: =SUMIF(月間集計シート!$M$134:$M$153,$G18,月間集計シート!P$134:P$153)*AU$2 -> 0 | AV18: =SUMIF(月間集計シート!$M$134:$M$153,$G18,月間集計シート!Q$134:Q$153)*AV$2 -> 0 | AW18: =SUMIF(月間集計シート!$M$134:$M$153,$G18,月間集計シート!R$134:R$153)*AW$2 -> 0 | AX18: =SUMIF(月間集計シート!$M$134:$M$153,$G18,月間集計シート!S$134:S$153)*AX$2 -> 0 | AY18: =SUMIF(月間集計シート!$M$134:$M$153,$G18,月間集計シート!T$134:T$153)*AY$2 -> 0
A19: 1 | B19: =B18 -> 999909 | C19: =C18 -> #N/A | E19: =工種!A11 -> 20107 | F19: =工種!B11 -> 設計：その他の設計書作成 | G19: =B19&E19 -> 99990920107 | H19: =SUM(J19:AY19) -> 0 | J19: =SUMIF(月間集計シート!$M$29:$M$48,$G19,月間集計シート!N$29:N$48)*J$2 -> 0 | K19: =SUMIF(月間集計シート!$M$29:$M$48,$G19,月間集計シート!O$29:O$48)*K$2 -> 0 | L19: =SUMIF(月間集計シート!$M$29:$M$48,$G19,月間集計シート!P$29:P$48)*L$2 -> 0 | M19: =SUMIF(月間集計シート!$M$29:$M$48,$G19,月間集計シート!Q$29:Q$48)*M$2 -> 0 | N19: =SUMIF(月間集計シート!$M$29:$M$48,$G19,月間集計シート!R$29:R$48)*N$2 -> 0 | O19: =SUMIF(月間集計シート!$M$29:$M$48,$G19,月間集計シート!S$29:S$48)*O$2 -> 0 | P19: =SUMIF(月間集計シート!$M$29:$M$48,$G19,月間集計シート!T$29:T$48)*P$2 -> 0 | Q19: =SUMIF(月間集計シート!$M$50:$M$69,$G19,月間集計シート!N$50:N$69)*Q$2 -> 0 | R19: =SUMIF(月間集計シート!$M$50:$M$69,$G19,月間集計シート!O$50:O$69)*R$2 -> 0 | S19: =SUMIF(月間集計シート!$M$50:$M$69,$G19,月間集計シート!P$50:P$69)*S$2 -> 0 | T19: =SUMIF(月間集計シート!$M$50:$M$69,$G19,月間集計シート!Q$50:Q$69)*T$2 -> 0 | U19: =SUMIF(月間集計シート!$M$50:$M$69,$G19,月間集計シート!R$50:R$69)*U$2 -> 0 | V19: =SUMIF(月間集計シート!$M$50:$M$69,$G19,月間集計シート!S$50:S$69)*V$2 -> 0 | W19: =SUMIF(月間集計シート!$M$50:$M$69,$G19,月間集計シート!T$50:T$69)*W$2 -> 0 | X19: =SUMIF(月間集計シート!$M$71:$M$90,$G19,月間集計シート!N$71:N$90)*X$2 -> 0 | Y19: =SUMIF(月間集計シート!$M$71:$M$90,$G19,月間集計シート!O$71:O$90)*Y$2 -> 0 | Z19: =SUMIF(月間集計シート!$M$71:$M$90,$G19,月間集計シート!P$71:P$90)*Z$2 -> 0 | AA19: =SUMIF(月間集計シート!$M$71:$M$90,$G19,月間集計シート!Q$71:Q$90)*AA$2 -> 0 | AB19: =SUMIF(月間集計シート!$M$71:$M$90,$G19,月間集計シート!R$71:R$90)*AB$2 -> 0 | AC19: =SUMIF(月間集計シート!$M$71:$M$90,$G19,月間集計シート!S$71:S$90)*AC$2 -> 0 | AD19: =SUMIF(月間集計シート!$M$71:$M$90,$G19,月間集計シート!T$71:T$90)*AD$2 -> 0 | AE19: =SUMIF(月間集計シート!$M$92:$M$111,$G19,月間集計シート!N$92:N$111)*AE$2 -> 0 | AF19: =SUMIF(月間集計シート!$M$92:$M$111,$G19,月間集計シート!O$92:O$111)*AF$2 -> 0 | AG19: =SUMIF(月間集計シート!$M$92:$M$111,$G19,月間集計シート!P$92:P$111)*AG$2 -> 0 | AH19: =SUMIF(月間集計シート!$M$92:$M$111,$G19,月間集計シート!Q$92:Q$111)*AH$2 -> 0 | AI19: =SUMIF(月間集計シート!$M$92:$M$111,$G19,月間集計シート!R$92:R$111)*AI$2 -> 0 | AJ19: =SUMIF(月間集計シート!$M$92:$M$111,$G19,月間集計シート!S$92:S$111)*AJ$2 -> 0 | AK19: =SUMIF(月間集計シート!$M$92:$M$111,$G19,月間集計シート!T$92:T$111)*AK$2 -> 0 | AL19: =SUMIF(月間集計シート!$M$113:$M$132,$G19,月間集計シート!N$113:N$132)*AL$2 -> 0 | AM19: =SUMIF(月間集計シート!$M$113:$M$132,$G19,月間集計シート!O$113:O$132)*AM$2 -> 0 | AN19: =SUMIF(月間集計シート!$M$113:$M$132,$G19,月間集計シート!P$113:P$132)*AN$2 -> 0 | AO19: =SUMIF(月間集計シート!$M$113:$M$132,$G19,月間集計シート!Q$113:Q$132)*AO$2 -> 0 | AP19: =SUMIF(月間集計シート!$M$113:$M$132,$G19,月間集計シート!R$113:R$132)*AP$2 -> 0 | AQ19: =SUMIF(月間集計シート!$M$113:$M$132,$G19,月間集計シート!S$113:S$132)*AQ$2 -> 0 | AR19: =SUMIF(月間集計シート!$M$113:$M$132,$G19,月間集計シート!T$113:T$132)*AR$2 -> 0 | AS19: =SUMIF(月間集計シート!$M$134:$M$153,$G19,月間集計シート!N$134:N$153)*AS$2 -> 0 | AT19: =SUMIF(月間集計シート!$M$134:$M$153,$G19,月間集計シート!O$134:O$153)*AT$2 -> 0 | AU19: =SUMIF(月間集計シート!$M$134:$M$153,$G19,月間集計シート!P$134:P$153)*AU$2 -> 0 | AV19: =SUMIF(月間集計シート!$M$134:$M$153,$G19,月間集計シート!Q$134:Q$153)*AV$2 -> 0 | AW19: =SUMIF(月間集計シート!$M$134:$M$153,$G19,月間集計シート!R$134:R$153)*AW$2 -> 0 | AX19: =SUMIF(月間集計シート!$M$134:$M$153,$G19,月間集計シート!S$134:S$153)*AX$2 -> 0 | AY19: =SUMIF(月間集計シート!$M$134:$M$153,$G19,月間集計シート!T$134:T$153)*AY$2 -> 0
A20: 1 | B20: =B19 -> 999909 | C20: =C19 -> #N/A | E20: =工種!A12 -> 20108 | F20: =工種!B12 -> 設計：レビュー | G20: =B20&E20 -> 99990920108 | H20: =SUM(J20:AY20) -> 0 | J20: =SUMIF(月間集計シート!$M$29:$M$48,$G20,月間集計シート!N$29:N$48)*J$2 -> 0 | K20: =SUMIF(月間集計シート!$M$29:$M$48,$G20,月間集計シート!O$29:O$48)*K$2 -> 0 | L20: =SUMIF(月間集計シート!$M$29:$M$48,$G20,月間集計シート!P$29:P$48)*L$2 -> 0 | M20: =SUMIF(月間集計シート!$M$29:$M$48,$G20,月間集計シート!Q$29:Q$48)*M$2 -> 0 | N20: =SUMIF(月間集計シート!$M$29:$M$48,$G20,月間集計シート!R$29:R$48)*N$2 -> 0 | O20: =SUMIF(月間集計シート!$M$29:$M$48,$G20,月間集計シート!S$29:S$48)*O$2 -> 0 | P20: =SUMIF(月間集計シート!$M$29:$M$48,$G20,月間集計シート!T$29:T$48)*P$2 -> 0 | Q20: =SUMIF(月間集計シート!$M$50:$M$69,$G20,月間集計シート!N$50:N$69)*Q$2 -> 0 | R20: =SUMIF(月間集計シート!$M$50:$M$69,$G20,月間集計シート!O$50:O$69)*R$2 -> 0 | S20: =SUMIF(月間集計シート!$M$50:$M$69,$G20,月間集計シート!P$50:P$69)*S$2 -> 0 | T20: =SUMIF(月間集計シート!$M$50:$M$69,$G20,月間集計シート!Q$50:Q$69)*T$2 -> 0 | U20: =SUMIF(月間集計シート!$M$50:$M$69,$G20,月間集計シート!R$50:R$69)*U$2 -> 0 | V20: =SUMIF(月間集計シート!$M$50:$M$69,$G20,月間集計シート!S$50:S$69)*V$2 -> 0 | W20: =SUMIF(月間集計シート!$M$50:$M$69,$G20,月間集計シート!T$50:T$69)*W$2 -> 0 | X20: =SUMIF(月間集計シート!$M$71:$M$90,$G20,月間集計シート!N$71:N$90)*X$2 -> 0 | Y20: =SUMIF(月間集計シート!$M$71:$M$90,$G20,月間集計シート!O$71:O$90)*Y$2 -> 0 | Z20: =SUMIF(月間集計シート!$M$71:$M$90,$G20,月間集計シート!P$71:P$90)*Z$2 -> 0 | AA20: =SUMIF(月間集計シート!$M$71:$M$90,$G20,月間集計シート!Q$71:Q$90)*AA$2 -> 0 | AB20: =SUMIF(月間集計シート!$M$71:$M$90,$G20,月間集計シート!R$71:R$90)*AB$2 -> 0 | AC20: =SUMIF(月間集計シート!$M$71:$M$90,$G20,月間集計シート!S$71:S$90)*AC$2 -> 0 | AD20: =SUMIF(月間集計シート!$M$71:$M$90,$G20,月間集計シート!T$71:T$90)*AD$2 -> 0 | AE20: =SUMIF(月間集計シート!$M$92:$M$111,$G20,月間集計シート!N$92:N$111)*AE$2 -> 0 | AF20: =SUMIF(月間集計シート!$M$92:$M$111,$G20,月間集計シート!O$92:O$111)*AF$2 -> 0 | AG20: =SUMIF(月間集計シート!$M$92:$M$111,$G20,月間集計シート!P$92:P$111)*AG$2 -> 0 | AH20: =SUMIF(月間集計シート!$M$92:$M$111,$G20,月間集計シート!Q$92:Q$111)*AH$2 -> 0 | AI20: =SUMIF(月間集計シート!$M$92:$M$111,$G20,月間集計シート!R$92:R$111)*AI$2 -> 0 | AJ20: =SUMIF(月間集計シート!$M$92:$M$111,$G20,月間集計シート!S$92:S$111)*AJ$2 -> 0 | AK20: =SUMIF(月間集計シート!$M$92:$M$111,$G20,月間集計シート!T$92:T$111)*AK$2 -> 0 | AL20: =SUMIF(月間集計シート!$M$113:$M$132,$G20,月間集計シート!N$113:N$132)*AL$2 -> 0 | AM20: =SUMIF(月間集計シート!$M$113:$M$132,$G20,月間集計シート!O$113:O$132)*AM$2 -> 0 | AN20: =SUMIF(月間集計シート!$M$113:$M$132,$G20,月間集計シート!P$113:P$132)*AN$2 -> 0 | AO20: =SUMIF(月間集計シート!$M$113:$M$132,$G20,月間集計シート!Q$113:Q$132)*AO$2 -> 0 | AP20: =SUMIF(月間集計シート!$M$113:$M$132,$G20,月間集計シート!R$113:R$132)*AP$2 -> 0 | AQ20: =SUMIF(月間集計シート!$M$113:$M$132,$G20,月間集計シート!S$113:S$132)*AQ$2 -> 0 | AR20: =SUMIF(月間集計シート!$M$113:$M$132,$G20,月間集計シート!T$113:T$132)*AR$2 -> 0 | AS20: =SUMIF(月間集計シート!$M$134:$M$153,$G20,月間集計シート!N$134:N$153)*AS$2 -> 0 | AT20: =SUMIF(月間集計シート!$M$134:$M$153,$G20,月間集計シート!O$134:O$153)*AT$2 -> 0 | AU20: =SUMIF(月間集計シート!$M$134:$M$153,$G20,月間集計シート!P$134:P$153)*AU$2 -> 0 | AV20: =SUMIF(月間集計シート!$M$134:$M$153,$G20,月間集計シート!Q$134:Q$153)*AV$2 -> 0 | AW20: =SUMIF(月間集計シート!$M$134:$M$153,$G20,月間集計シート!R$134:R$153)*AW$2 -> 0 | AX20: =SUMIF(月間集計シート!$M$134:$M$153,$G20,月間集計シート!S$134:S$153)*AX$2 -> 0 | AY20: =SUMIF(月間集計シート!$M$134:$M$153,$G20,月間集計シート!T$134:T$153)*AY$2 -> 0
A21: 1 | B21: =B20 -> 999909 | C21: =C20 -> #N/A | E21: =工種!A13 -> 20109 | F21: =工種!B13 -> 設計：QA対応 | G21: =B21&E21 -> 99990920109 | H21: =SUM(J21:AY21) -> 0 | J21: =SUMIF(月間集計シート!$M$29:$M$48,$G21,月間集計シート!N$29:N$48)*J$2 -> 0 | K21: =SUMIF(月間集計シート!$M$29:$M$48,$G21,月間集計シート!O$29:O$48)*K$2 -> 0 | L21: =SUMIF(月間集計シート!$M$29:$M$48,$G21,月間集計シート!P$29:P$48)*L$2 -> 0 | M21: =SUMIF(月間集計シート!$M$29:$M$48,$G21,月間集計シート!Q$29:Q$48)*M$2 -> 0 | N21: =SUMIF(月間集計シート!$M$29:$M$48,$G21,月間集計シート!R$29:R$48)*N$2 -> 0 | O21: =SUMIF(月間集計シート!$M$29:$M$48,$G21,月間集計シート!S$29:S$48)*O$2 -> 0 | P21: =SUMIF(月間集計シート!$M$29:$M$48,$G21,月間集計シート!T$29:T$48)*P$2 -> 0 | Q21: =SUMIF(月間集計シート!$M$50:$M$69,$G21,月間集計シート!N$50:N$69)*Q$2 -> 0 | R21: =SUMIF(月間集計シート!$M$50:$M$69,$G21,月間集計シート!O$50:O$69)*R$2 -> 0 | S21: =SUMIF(月間集計シート!$M$50:$M$69,$G21,月間集計シート!P$50:P$69)*S$2 -> 0 | T21: =SUMIF(月間集計シート!$M$50:$M$69,$G21,月間集計シート!Q$50:Q$69)*T$2 -> 0 | U21: =SUMIF(月間集計シート!$M$50:$M$69,$G21,月間集計シート!R$50:R$69)*U$2 -> 0 | V21: =SUMIF(月間集計シート!$M$50:$M$69,$G21,月間集計シート!S$50:S$69)*V$2 -> 0 | W21: =SUMIF(月間集計シート!$M$50:$M$69,$G21,月間集計シート!T$50:T$69)*W$2 -> 0 | X21: =SUMIF(月間集計シート!$M$71:$M$90,$G21,月間集計シート!N$71:N$90)*X$2 -> 0 | Y21: =SUMIF(月間集計シート!$M$71:$M$90,$G21,月間集計シート!O$71:O$90)*Y$2 -> 0 | Z21: =SUMIF(月間集計シート!$M$71:$M$90,$G21,月間集計シート!P$71:P$90)*Z$2 -> 0 | AA21: =SUMIF(月間集計シート!$M$71:$M$90,$G21,月間集計シート!Q$71:Q$90)*AA$2 -> 0 | AB21: =SUMIF(月間集計シート!$M$71:$M$90,$G21,月間集計シート!R$71:R$90)*AB$2 -> 0 | AC21: =SUMIF(月間集計シート!$M$71:$M$90,$G21,月間集計シート!S$71:S$90)*AC$2 -> 0 | AD21: =SUMIF(月間集計シート!$M$71:$M$90,$G21,月間集計シート!T$71:T$90)*AD$2 -> 0 | AE21: =SUMIF(月間集計シート!$M$92:$M$111,$G21,月間集計シート!N$92:N$111)*AE$2 -> 0 | AF21: =SUMIF(月間集計シート!$M$92:$M$111,$G21,月間集計シート!O$92:O$111)*AF$2 -> 0 | AG21: =SUMIF(月間集計シート!$M$92:$M$111,$G21,月間集計シート!P$92:P$111)*AG$2 -> 0 | AH21: =SUMIF(月間集計シート!$M$92:$M$111,$G21,月間集計シート!Q$92:Q$111)*AH$2 -> 0 | AI21: =SUMIF(月間集計シート!$M$92:$M$111,$G21,月間集計シート!R$92:R$111)*AI$2 -> 0 | AJ21: =SUMIF(月間集計シート!$M$92:$M$111,$G21,月間集計シート!S$92:S$111)*AJ$2 -> 0 | AK21: =SUMIF(月間集計シート!$M$92:$M$111,$G21,月間集計シート!T$92:T$111)*AK$2 -> 0 | AL21: =SUMIF(月間集計シート!$M$113:$M$132,$G21,月間集計シート!N$113:N$132)*AL$2 -> 0 | AM21: =SUMIF(月間集計シート!$M$113:$M$132,$G21,月間集計シート!O$113:O$132)*AM$2 -> 0 | AN21: =SUMIF(月間集計シート!$M$113:$M$132,$G21,月間集計シート!P$113:P$132)*AN$2 -> 0 | AO21: =SUMIF(月間集計シート!$M$113:$M$132,$G21,月間集計シート!Q$113:Q$132)*AO$2 -> 0 | AP21: =SUMIF(月間集計シート!$M$113:$M$132,$G21,月間集計シート!R$113:R$132)*AP$2 -> 0 | AQ21: =SUMIF(月間集計シート!$M$113:$M$132,$G21,月間集計シート!S$113:S$132)*AQ$2 -> 0 | AR21: =SUMIF(月間集計シート!$M$113:$M$132,$G21,月間集計シート!T$113:T$132)*AR$2 -> 0 | AS21: =SUMIF(月間集計シート!$M$134:$M$153,$G21,月間集計シート!N$134:N$153)*AS$2 -> 0 | AT21: =SUMIF(月間集計シート!$M$134:$M$153,$G21,月間集計シート!O$134:O$153)*AT$2 -> 0 | AU21: =SUMIF(月間集計シート!$M$134:$M$153,$G21,月間集計シート!P$134:P$153)*AU$2 -> 0 | AV21: =SUMIF(月間集計シート!$M$134:$M$153,$G21,月間集計シート!Q$134:Q$153)*AV$2 -> 0 | AW21: =SUMIF(月間集計シート!$M$134:$M$153,$G21,月間集計シート!R$134:R$153)*AW$2 -> 0 | AX21: =SUMIF(月間集計シート!$M$134:$M$153,$G21,月間集計シート!S$134:S$153)*AX$2 -> 0 | AY21: =SUMIF(月間集計シート!$M$134:$M$153,$G21,月間集計シート!T$134:T$153)*AY$2 -> 0
A22: 1 | B22: =B21 -> 999909 | C22: =C21 -> #N/A | E22: =工種!A14 -> 20199 | F22: =工種!B14 -> 設計：その他 | G22: =B22&E22 -> 99990920199 | H22: =SUM(J22:AY22) -> 0 | J22: =SUMIF(月間集計シート!$M$29:$M$48,$G22,月間集計シート!N$29:N$48)*J$2 -> 0 | K22: =SUMIF(月間集計シート!$M$29:$M$48,$G22,月間集計シート!O$29:O$48)*K$2 -> 0 | L22: =SUMIF(月間集計シート!$M$29:$M$48,$G22,月間集計シート!P$29:P$48)*L$2 -> 0 | M22: =SUMIF(月間集計シート!$M$29:$M$48,$G22,月間集計シート!Q$29:Q$48)*M$2 -> 0 | N22: =SUMIF(月間集計シート!$M$29:$M$48,$G22,月間集計シート!R$29:R$48)*N$2 -> 0 | O22: =SUMIF(月間集計シート!$M$29:$M$48,$G22,月間集計シート!S$29:S$48)*O$2 -> 0 | P22: =SUMIF(月間集計シート!$M$29:$M$48,$G22,月間集計シート!T$29:T$48)*P$2 -> 0 | Q22: =SUMIF(月間集計シート!$M$50:$M$69,$G22,月間集計シート!N$50:N$69)*Q$2 -> 0 | R22: =SUMIF(月間集計シート!$M$50:$M$69,$G22,月間集計シート!O$50:O$69)*R$2 -> 0 | S22: =SUMIF(月間集計シート!$M$50:$M$69,$G22,月間集計シート!P$50:P$69)*S$2 -> 0 | T22: =SUMIF(月間集計シート!$M$50:$M$69,$G22,月間集計シート!Q$50:Q$69)*T$2 -> 0 | U22: =SUMIF(月間集計シート!$M$50:$M$69,$G22,月間集計シート!R$50:R$69)*U$2 -> 0 | V22: =SUMIF(月間集計シート!$M$50:$M$69,$G22,月間集計シート!S$50:S$69)*V$2 -> 0 | W22: =SUMIF(月間集計シート!$M$50:$M$69,$G22,月間集計シート!T$50:T$69)*W$2 -> 0 | X22: =SUMIF(月間集計シート!$M$71:$M$90,$G22,月間集計シート!N$71:N$90)*X$2 -> 0 | Y22: =SUMIF(月間集計シート!$M$71:$M$90,$G22,月間集計シート!O$71:O$90)*Y$2 -> 0 | Z22: =SUMIF(月間集計シート!$M$71:$M$90,$G22,月間集計シート!P$71:P$90)*Z$2 -> 0 | AA22: =SUMIF(月間集計シート!$M$71:$M$90,$G22,月間集計シート!Q$71:Q$90)*AA$2 -> 0 | AB22: =SUMIF(月間集計シート!$M$71:$M$90,$G22,月間集計シート!R$71:R$90)*AB$2 -> 0 | AC22: =SUMIF(月間集計シート!$M$71:$M$90,$G22,月間集計シート!S$71:S$90)*AC$2 -> 0 | AD22: =SUMIF(月間集計シート!$M$71:$M$90,$G22,月間集計シート!T$71:T$90)*AD$2 -> 0 | AE22: =SUMIF(月間集計シート!$M$92:$M$111,$G22,月間集計シート!N$92:N$111)*AE$2 -> 0 | AF22: =SUMIF(月間集計シート!$M$92:$M$111,$G22,月間集計シート!O$92:O$111)*AF$2 -> 0 | AG22: =SUMIF(月間集計シート!$M$92:$M$111,$G22,月間集計シート!P$92:P$111)*AG$2 -> 0 | AH22: =SUMIF(月間集計シート!$M$92:$M$111,$G22,月間集計シート!Q$92:Q$111)*AH$2 -> 0 | AI22: =SUMIF(月間集計シート!$M$92:$M$111,$G22,月間集計シート!R$92:R$111)*AI$2 -> 0 | AJ22: =SUMIF(月間集計シート!$M$92:$M$111,$G22,月間集計シート!S$92:S$111)*AJ$2 -> 0 | AK22: =SUMIF(月間集計シート!$M$92:$M$111,$G22,月間集計シート!T$92:T$111)*AK$2 -> 0 | AL22: =SUMIF(月間集計シート!$M$113:$M$132,$G22,月間集計シート!N$113:N$132)*AL$2 -> 0 | AM22: =SUMIF(月間集計シート!$M$113:$M$132,$G22,月間集計シート!O$113:O$132)*AM$2 -> 0 | AN22: =SUMIF(月間集計シート!$M$113:$M$132,$G22,月間集計シート!P$113:P$132)*AN$2 -> 0 | AO22: =SUMIF(月間集計シート!$M$113:$M$132,$G22,月間集計シート!Q$113:Q$132)*AO$2 -> 0 | AP22: =SUMIF(月間集計シート!$M$113:$M$132,$G22,月間集計シート!R$113:R$132)*AP$2 -> 0 | AQ22: =SUMIF(月間集計シート!$M$113:$M$132,$G22,月間集計シート!S$113:S$132)*AQ$2 -> 0 | AR22: =SUMIF(月間集計シート!$M$113:$M$132,$G22,月間集計シート!T$113:T$132)*AR$2 -> 0 | AS22: =SUMIF(月間集計シート!$M$134:$M$153,$G22,月間集計シート!N$134:N$153)*AS$2 -> 0 | AT22: =SUMIF(月間集計シート!$M$134:$M$153,$G22,月間集計シート!O$134:O$153)*AT$2 -> 0 | AU22: =SUMIF(月間集計シート!$M$134:$M$153,$G22,月間集計シート!P$134:P$153)*AU$2 -> 0 | AV22: =SUMIF(月間集計シート!$M$134:$M$153,$G22,月間集計シート!Q$134:Q$153)*AV$2 -> 0 | AW22: =SUMIF(月間集計シート!$M$134:$M$153,$G22,月間集計シート!R$134:R$153)*AW$2 -> 0 | AX22: =SUMIF(月間集計シート!$M$134:$M$153,$G22,月間集計シート!S$134:S$153)*AX$2 -> 0 | AY22: =SUMIF(月間集計シート!$M$134:$M$153,$G22,月間集計シート!T$134:T$153)*AY$2 -> 0
... A63: 1 | B63: =B62 -> 999909 | C63: =C62 -> #N/A | E63: =工種!A55 -> 70106 | F63: =工種!B55 -> 外部不具合修正：打合せ | G63: =B63&E63 -> 99990970106 | H63: =SUM(J63:AY63) -> 0 | J63: =SUMIF(月間集計シート!$M$29:$M$48,$G63,月間集計シート!N$29:N$48)*J$2 -> 0 | K63: =SUMIF(月間集計シート!$M$29:$M$48,$G63,月間集計シート!O$29:O$48)*K$2 -> 0 | L63: =SUMIF(月間集計シート!$M$29:$M$48,$G63,月間集計シート!P$29:P$48)*L$2 -> 0 | M63: =SUMIF(月間集計シート!$M$29:$M$48,$G63,月間集計シート!Q$29:Q$48)*M$2 -> 0 | N63: =SUMIF(月間集計シート!$M$29:$M$48,$G63,月間集計シート!R$29:R$48)*N$2 -> 0 | O63: =SUMIF(月間集計シート!$M$29:$M$48,$G63,月間集計シート!S$29:S$48)*O$2 -> 0 | P63: =SUMIF(月間集計シート!$M$29:$M$48,$G63,月間集計シート!T$29:T$48)*P$2 -> 0 | Q63: =SUMIF(月間集計シート!$M$50:$M$69,$G63,月間集計シート!N$50:N$69)*Q$2 -> 0 | R63: =SUMIF(月間集計シート!$M$50:$M$69,$G63,月間集計シート!O$50:O$69)*R$2 -> 0 | S63: =SUMIF(月間集計シート!$M$50:$M$69,$G63,月間集計シート!P$50:P$69)*S$2 -> 0 | T63: =SUMIF(月間集計シート!$M$50:$M$69,$G63,月間集計シート!Q$50:Q$69)*T$2 -> 0 | U63: =SUMIF(月間集計シート!$M$50:$M$69,$G63,月間集計シート!R$50:R$69)*U$2 -> 0 | V63: =SUMIF(月間集計シート!$M$50:$M$69,$G63,月間集計シート!S$50:S$69)*V$2 -> 0 | W63: =SUMIF(月間集計シート!$M$50:$M$69,$G63,月間集計シート!T$50:T$69)*W$2 -> 0 | X63: =SUMIF(月間集計シート!$M$71:$M$90,$G63,月間集計シート!N$71:N$90)*X$2 -> 0 | Y63: =SUMIF(月間集計シート!$M$71:$M$90,$G63,月間集計シート!O$71:O$90)*Y$2 -> 0 | Z63: =SUMIF(月間集計シート!$M$71:$M$90,$G63,月間集計シート!P$71:P$90)*Z$2 -> 0 | AA63: =SUMIF(月間集計シート!$M$71:$M$90,$G63,月間集計シート!Q$71:Q$90)*AA$2 -> 0 | AB63: =SUMIF(月間集計シート!$M$71:$M$90,$G63,月間集計シート!R$71:R$90)*AB$2 -> 0 | AC63: =SUMIF(月間集計シート!$M$71:$M$90,$G63,月間集計シート!S$71:S$90)*AC$2 -> 0 | AD63: =SUMIF(月間集計シート!$M$71:$M$90,$G63,月間集計シート!T$71:T$90)*AD$2 -> 0 | AE63: =SUMIF(月間集計シート!$M$92:$M$111,$G63,月間集計シート!N$92:N$111)*AE$2 -> 0 | AF63: =SUMIF(月間集計シート!$M$92:$M$111,$G63,月間集計シート!O$92:O$111)*AF$2 -> 0 | AG63: =SUMIF(月間集計シート!$M$92:$M$111,$G63,月間集計シート!P$92:P$111)*AG$2 -> 0 | AH63: =SUMIF(月間集計シート!$M$92:$M$111,$G63,月間集計シート!Q$92:Q$111)*AH$2 -> 0 | AI63: =SUMIF(月間集計シート!$M$92:$M$111,$G63,月間集計シート!R$92:R$111)*AI$2 -> 0 | AJ63: =SUMIF(月間集計シート!$M$92:$M$111,$G63,月間集計シート!S$92:S$111)*AJ$2 -> 0 | AK63: =SUMIF(月間集計シート!$M$92:$M$111,$G63,月間集計シート!T$92:T$111)*AK$2 -> 0 | AL63: =SUMIF(月間集計シート!$M$113:$M$132,$G63,月間集計シート!N$113:N$132)*AL$2 -> 0 | AM63: =SUMIF(月間集計シート!$M$113:$M$132,$G63,月間集計シート!O$113:O$132)*AM$2 -> 0 | AN63: =SUMIF(月間集計シート!$M$113:$M$132,$G63,月間集計シート!P$113:P$132)*AN$2 -> 0 | AO63: =SUMIF(月間集計シート!$M$113:$M$132,$G63,月間集計シート!Q$113:Q$132)*AO$2 -> 0 | AP63: =SUMIF(月間集計シート!$M$113:$M$132,$G63,月間集計シート!R$113:R$132)*AP$2 -> 0 | AQ63: =SUMIF(月間集計シート!$M$113:$M$132,$G63,月間集計シート!S$113:S$132)*AQ$2 -> 0 | AR63: =SUMIF(月間集計シート!$M$113:$M$132,$G63,月間集計シート!T$113:T$132)*AR$2 -> 0 | AS63: =SUMIF(月間集計シート!$M$134:$M$153,$G63,月間集計シート!N$134:N$153)*AS$2 -> 0 | AT63: =SUMIF(月間集計シート!$M$134:$M$153,$G63,月間集計シート!O$134:O$153)*AT$2 -> 0 | AU63: =SUMIF(月間集計シート!$M$134:$M$153,$G63,月間集計シート!P$134:P$153)*AU$2 -> 0 | AV63: =SUMIF(月間集計シート!$M$134:$M$153,$G63,月間集計シート!Q$134:Q$153)*AV$2 -> 0 | AW63: =SUMIF(月間集計シート!$M$134:$M$153,$G63,月間集計シート!R$134:R$153)*AW$2 -> 0 | AX63: =SUMIF(月間集計シート!$M$134:$M$153,$G63,月間集計シート!S$134:S$153)*AX$2 -> 0 | AY63: =SUMIF(月間集計シート!$M$134:$M$153,$G63,月間集計シート!T$134:T$153)*AY$2 -> 0
A64: 1 | B64: =B63 -> 999909 | C64: =C53 -> #N/A | E64: =工種!A56 -> 70109 | F64: =工種!B56 -> 外部不具合修正：レビュー | G64: =B64&E64 -> 99990970109 | H64: =SUM(J64:AY64) -> 0 | J64: =SUMIF(月間集計シート!$M$29:$M$48,$G64,月間集計シート!N$29:N$48)*J$2 -> 0 | K64: =SUMIF(月間集計シート!$M$29:$M$48,$G64,月間集計シート!O$29:O$48)*K$2 -> 0 | L64: =SUMIF(月間集計シート!$M$29:$M$48,$G64,月間集計シート!P$29:P$48)*L$2 -> 0 | M64: =SUMIF(月間集計シート!$M$29:$M$48,$G64,月間集計シート!Q$29:Q$48)*M$2 -> 0 | N64: =SUMIF(月間集計シート!$M$29:$M$48,$G64,月間集計シート!R$29:R$48)*N$2 -> 0 | O64: =SUMIF(月間集計シート!$M$29:$M$48,$G64,月間集計シート!S$29:S$48)*O$2 -> 0 | P64: =SUMIF(月間集計シート!$M$29:$M$48,$G64,月間集計シート!T$29:T$48)*P$2 -> 0 | Q64: =SUMIF(月間集計シート!$M$50:$M$69,$G64,月間集計シート!N$50:N$69)*Q$2 -> 0 | R64: =SUMIF(月間集計シート!$M$50:$M$69,$G64,月間集計シート!O$50:O$69)*R$2 -> 0 | S64: =SUMIF(月間集計シート!$M$50:$M$69,$G64,月間集計シート!P$50:P$69)*S$2 -> 0 | T64: =SUMIF(月間集計シート!$M$50:$M$69,$G64,月間集計シート!Q$50:Q$69)*T$2 -> 0 | U64: =SUMIF(月間集計シート!$M$50:$M$69,$G64,月間集計シート!R$50:R$69)*U$2 -> 0 | V64: =SUMIF(月間集計シート!$M$50:$M$69,$G64,月間集計シート!S$50:S$69)*V$2 -> 0 | W64: =SUMIF(月間集計シート!$M$50:$M$69,$G64,月間集計シート!T$50:T$69)*W$2 -> 0 | X64: =SUMIF(月間集計シート!$M$71:$M$90,$G64,月間集計シート!N$71:N$90)*X$2 -> 0 | Y64: =SUMIF(月間集計シート!$M$71:$M$90,$G64,月間集計シート!O$71:O$90)*Y$2 -> 0 | Z64: =SUMIF(月間集計シート!$M$71:$M$90,$G64,月間集計シート!P$71:P$90)*Z$2 -> 0 | AA64: =SUMIF(月間集計シート!$M$71:$M$90,$G64,月間集計シート!Q$71:Q$90)*AA$2 -> 0 | AB64: =SUMIF(月間集計シート!$M$71:$M$90,$G64,月間集計シート!R$71:R$90)*AB$2 -> 0 | AC64: =SUMIF(月間集計シート!$M$71:$M$90,$G64,月間集計シート!S$71:S$90)*AC$2 -> 0 | AD64: =SUMIF(月間集計シート!$M$71:$M$90,$G64,月間集計シート!T$71:T$90)*AD$2 -> 0 | AE64: =SUMIF(月間集計シート!$M$92:$M$111,$G64,月間集計シート!N$92:N$111)*AE$2 -> 0 | AF64: =SUMIF(月間集計シート!$M$92:$M$111,$G64,月間集計シート!O$92:O$111)*AF$2 -> 0 | AG64: =SUMIF(月間集計シート!$M$92:$M$111,$G64,月間集計シート!P$92:P$111)*AG$2 -> 0 | AH64: =SUMIF(月間集計シート!$M$92:$M$111,$G64,月間集計シート!Q$92:Q$111)*AH$2 -> 0 | AI64: =SUMIF(月間集計シート!$M$92:$M$111,$G64,月間集計シート!R$92:R$111)*AI$2 -> 0 | AJ64: =SUMIF(月間集計シート!$M$92:$M$111,$G64,月間集計シート!S$92:S$111)*AJ$2 -> 0 | AK64: =SUMIF(月間集計シート!$M$92:$M$111,$G64,月間集計シート!T$92:T$111)*AK$2 -> 0 | AL64: =SUMIF(月間集計シート!$M$113:$M$132,$G64,月間集計シート!N$113:N$132)*AL$2 -> 0 | AM64: =SUMIF(月間集計シート!$M$113:$M$132,$G64,月間集計シート!O$113:O$132)*AM$2 -> 0 | AN64: =SUMIF(月間集計シート!$M$113:$M$132,$G64,月間集計シート!P$113:P$132)*AN$2 -> 0 | AO64: =SUMIF(月間集計シート!$M$113:$M$132,$G64,月間集計シート!Q$113:Q$132)*AO$2 -> 0 | AP64: =SUMIF(月間集計シート!$M$113:$M$132,$G64,月間集計シート!R$113:R$132)*AP$2 -> 0 | AQ64: =SUMIF(月間集計シート!$M$113:$M$132,$G64,月間集計シート!S$113:S$132)*AQ$2 -> 0 | AR64: =SUMIF(月間集計シート!$M$113:$M$132,$G64,月間集計シート!T$113:T$132)*AR$2 -> 0 | AS64: =SUMIF(月間集計シート!$M$134:$M$153,$G64,月間集計シート!N$134:N$153)*AS$2 -> 0 | AT64: =SUMIF(月間集計シート!$M$134:$M$153,$G64,月間集計シート!O$134:O$153)*AT$2 -> 0 | AU64: =SUMIF(月間集計シート!$M$134:$M$153,$G64,月間集計シート!P$134:P$153)*AU$2 -> 0 | AV64: =SUMIF(月間集計シート!$M$134:$M$153,$G64,月間集計シート!Q$134:Q$153)*AV$2 -> 0 | AW64: =SUMIF(月間集計シート!$M$134:$M$153,$G64,月間集計シート!R$134:R$153)*AW$2 -> 0 | AX64: =SUMIF(月間集計シート!$M$134:$M$153,$G64,月間集計シート!S$134:S$153)*AX$2 -> 0 | AY64: =SUMIF(月間集計シート!$M$134:$M$153,$G64,月間集計シート!T$134:T$153)*AY$2 -> 0
A65: 1 | B65: =B64 -> 999909 | C65: =C64 -> #N/A | E65: =工種!A57 -> 70189 | F65: =工種!B57 -> 外部不具合修正：外部不具合分析 | G65: =B65&E65 -> 99990970189 | H65: =SUM(J65:AY65) -> 0 | J65: =SUMIF(月間集計シート!$M$29:$M$48,$G65,月間集計シート!N$29:N$48)*J$2 -> 0 | K65: =SUMIF(月間集計シート!$M$29:$M$48,$G65,月間集計シート!O$29:O$48)*K$2 -> 0 | L65: =SUMIF(月間集計シート!$M$29:$M$48,$G65,月間集計シート!P$29:P$48)*L$2 -> 0 | M65: =SUMIF(月間集計シート!$M$29:$M$48,$G65,月間集計シート!Q$29:Q$48)*M$2 -> 0 | N65: =SUMIF(月間集計シート!$M$29:$M$48,$G65,月間集計シート!R$29:R$48)*N$2 -> 0 | O65: =SUMIF(月間集計シート!$M$29:$M$48,$G65,月間集計シート!S$29:S$48)*O$2 -> 0 | P65: =SUMIF(月間集計シート!$M$29:$M$48,$G65,月間集計シート!T$29:T$48)*P$2 -> 0 | Q65: =SUMIF(月間集計シート!$M$50:$M$69,$G65,月間集計シート!N$50:N$69)*Q$2 -> 0 | R65: =SUMIF(月間集計シート!$M$50:$M$69,$G65,月間集計シート!O$50:O$69)*R$2 -> 0 | S65: =SUMIF(月間集計シート!$M$50:$M$69,$G65,月間集計シート!P$50:P$69)*S$2 -> 0 | T65: =SUMIF(月間集計シート!$M$50:$M$69,$G65,月間集計シート!Q$50:Q$69)*T$2 -> 0 | U65: =SUMIF(月間集計シート!$M$50:$M$69,$G65,月間集計シート!R$50:R$69)*U$2 -> 0 | V65: =SUMIF(月間集計シート!$M$50:$M$69,$G65,月間集計シート!S$50:S$69)*V$2 -> 0 | W65: =SUMIF(月間集計シート!$M$50:$M$69,$G65,月間集計シート!T$50:T$69)*W$2 -> 0 | X65: =SUMIF(月間集計シート!$M$71:$M$90,$G65,月間集計シート!N$71:N$90)*X$2 -> 0 | Y65: =SUMIF(月間集計シート!$M$71:$M$90,$G65,月間集計シート!O$71:O$90)*Y$2 -> 0 | Z65: =SUMIF(月間集計シート!$M$71:$M$90,$G65,月間集計シート!P$71:P$90)*Z$2 -> 0 | AA65: =SUMIF(月間集計シート!$M$71:$M$90,$G65,月間集計シート!Q$71:Q$90)*AA$2 -> 0 | AB65: =SUMIF(月間集計シート!$M$71:$M$90,$G65,月間集計シート!R$71:R$90)*AB$2 -> 0 | AC65: =SUMIF(月間集計シート!$M$71:$M$90,$G65,月間集計シート!S$71:S$90)*AC$2 -> 0 | AD65: =SUMIF(月間集計シート!$M$71:$M$90,$G65,月間集計シート!T$71:T$90)*AD$2 -> 0 | AE65: =SUMIF(月間集計シート!$M$92:$M$111,$G65,月間集計シート!N$92:N$111)*AE$2 -> 0 | AF65: =SUMIF(月間集計シート!$M$92:$M$111,$G65,月間集計シート!O$92:O$111)*AF$2 -> 0 | AG65: =SUMIF(月間集計シート!$M$92:$M$111,$G65,月間集計シート!P$92:P$111)*AG$2 -> 0 | AH65: =SUMIF(月間集計シート!$M$92:$M$111,$G65,月間集計シート!Q$92:Q$111)*AH$2 -> 0 | AI65: =SUMIF(月間集計シート!$M$92:$M$111,$G65,月間集計シート!R$92:R$111)*AI$2 -> 0 | AJ65: =SUMIF(月間集計シート!$M$92:$M$111,$G65,月間集計シート!S$92:S$111)*AJ$2 -> 0 | AK65: =SUMIF(月間集計シート!$M$92:$M$111,$G65,月間集計シート!T$92:T$111)*AK$2 -> 0 | AL65: =SUMIF(月間集計シート!$M$113:$M$132,$G65,月間集計シート!N$113:N$132)*AL$2 -> 0 | AM65: =SUMIF(月間集計シート!$M$113:$M$132,$G65,月間集計シート!O$113:O$132)*AM$2 -> 0 | AN65: =SUMIF(月間集計シート!$M$113:$M$132,$G65,月間集計シート!P$113:P$132)*AN$2 -> 0 | AO65: =SUMIF(月間集計シート!$M$113:$M$132,$G65,月間集計シート!Q$113:Q$132)*AO$2 -> 0 | AP65: =SUMIF(月間集計シート!$M$113:$M$132,$G65,月間集計シート!R$113:R$132)*AP$2 -> 0 | AQ65: =SUMIF(月間集計シート!$M$113:$M$132,$G65,月間集計シート!S$113:S$132)*AQ$2 -> 0 | AR65: =SUMIF(月間集計シート!$M$113:$M$132,$G65,月間集計シート!T$113:T$132)*AR$2 -> 0 | AS65: =SUMIF(月間集計シート!$M$134:$M$153,$G65,月間集計シート!N$134:N$153)*AS$2 -> 0 | AT65: =SUMIF(月間集計シート!$M$134:$M$153,$G65,月間集計シート!O$134:O$153)*AT$2 -> 0 | AU65: =SUMIF(月間集計シート!$M$134:$M$153,$G65,月間集計シート!P$134:P$153)*AU$2 -> 0 | AV65: =SUMIF(月間集計シート!$M$134:$M$153,$G65,月間集計シート!Q$134:Q$153)*AV$2 -> 0 | AW65: =SUMIF(月間集計シート!$M$134:$M$153,$G65,月間集計シート!R$134:R$153)*AW$2 -> 0 | AX65: =SUMIF(月間集計シート!$M$134:$M$153,$G65,月間集計シート!S$134:S$153)*AX$2 -> 0 | AY65: =SUMIF(月間集計シート!$M$134:$M$153,$G65,月間集計シート!T$134:T$153)*AY$2 -> 0
A66: 1 | B66: =B65 -> 999909 | C66: =C65 -> #N/A | E66: =工種!A58 -> 70199 | F66: =工種!B58 -> 外部不具合修正：その他 | G66: =B66&E66 -> 99990970199 | H66: =SUM(J66:AY66) -> 0 | J66: =SUMIF(月間集計シート!$M$29:$M$48,$G66,月間集計シート!N$29:N$48)*J$2 -> 0 | K66: =SUMIF(月間集計シート!$M$29:$M$48,$G66,月間集計シート!O$29:O$48)*K$2 -> 0 | L66: =SUMIF(月間集計シート!$M$29:$M$48,$G66,月間集計シート!P$29:P$48)*L$2 -> 0 | M66: =SUMIF(月間集計シート!$M$29:$M$48,$G66,月間集計シート!Q$29:Q$48)*M$2 -> 0 | N66: =SUMIF(月間集計シート!$M$29:$M$48,$G66,月間集計シート!R$29:R$48)*N$2 -> 0 | O66: =SUMIF(月間集計シート!$M$29:$M$48,$G66,月間集計シート!S$29:S$48)*O$2 -> 0 | P66: =SUMIF(月間集計シート!$M$29:$M$48,$G66,月間集計シート!T$29:T$48)*P$2 -> 0 | Q66: =SUMIF(月間集計シート!$M$50:$M$69,$G66,月間集計シート!N$50:N$69)*Q$2 -> 0 | R66: =SUMIF(月間集計シート!$M$50:$M$69,$G66,月間集計シート!O$50:O$69)*R$2 -> 0 | S66: =SUMIF(月間集計シート!$M$50:$M$69,$G66,月間集計シート!P$50:P$69)*S$2 -> 0 | T66: =SUMIF(月間集計シート!$M$50:$M$69,$G66,月間集計シート!Q$50:Q$69)*T$2 -> 0 | U66: =SUMIF(月間集計シート!$M$50:$M$69,$G66,月間集計シート!R$50:R$69)*U$2 -> 0 | V66: =SUMIF(月間集計シート!$M$50:$M$69,$G66,月間集計シート!S$50:S$69)*V$2 -> 0 | W66: =SUMIF(月間集計シート!$M$50:$M$69,$G66,月間集計シート!T$50:T$69)*W$2 -> 0 | X66: =SUMIF(月間集計シート!$M$71:$M$90,$G66,月間集計シート!N$71:N$90)*X$2 -> 0 | Y66: =SUMIF(月間集計シート!$M$71:$M$90,$G66,月間集計シート!O$71:O$90)*Y$2 -> 0 | Z66: =SUMIF(月間集計シート!$M$71:$M$90,$G66,月間集計シート!P$71:P$90)*Z$2 -> 0 | AA66: =SUMIF(月間集計シート!$M$71:$M$90,$G66,月間集計シート!Q$71:Q$90)*AA$2 -> 0 | AB66: =SUMIF(月間集計シート!$M$71:$M$90,$G66,月間集計シート!R$71:R$90)*AB$2 -> 0 | AC66: =SUMIF(月間集計シート!$M$71:$M$90,$G66,月間集計シート!S$71:S$90)*AC$2 -> 0 | AD66: =SUMIF(月間集計シート!$M$71:$M$90,$G66,月間集計シート!T$71:T$90)*AD$2 -> 0 | AE66: =SUMIF(月間集計シート!$M$92:$M$111,$G66,月間集計シート!N$92:N$111)*AE$2 -> 0 | AF66: =SUMIF(月間集計シート!$M$92:$M$111,$G66,月間集計シート!O$92:O$111)*AF$2 -> 0 | AG66: =SUMIF(月間集計シート!$M$92:$M$111,$G66,月間集計シート!P$92:P$111)*AG$2 -> 0 | AH66: =SUMIF(月間集計シート!$M$92:$M$111,$G66,月間集計シート!Q$92:Q$111)*AH$2 -> 0 | AI66: =SUMIF(月間集計シート!$M$92:$M$111,$G66,月間集計シート!R$92:R$111)*AI$2 -> 0 | AJ66: =SUMIF(月間集計シート!$M$92:$M$111,$G66,月間集計シート!S$92:S$111)*AJ$2 -> 0 | AK66: =SUMIF(月間集計シート!$M$92:$M$111,$G66,月間集計シート!T$92:T$111)*AK$2 -> 0 | AL66: =SUMIF(月間集計シート!$M$113:$M$132,$G66,月間集計シート!N$113:N$132)*AL$2 -> 0 | AM66: =SUMIF(月間集計シート!$M$113:$M$132,$G66,月間集計シート!O$113:O$132)*AM$2 -> 0 | AN66: =SUMIF(月間集計シート!$M$113:$M$132,$G66,月間集計シート!P$113:P$132)*AN$2 -> 0 | AO66: =SUMIF(月間集計シート!$M$113:$M$132,$G66,月間集計シート!Q$113:Q$132)*AO$2 -> 0 | AP66: =SUMIF(月間集計シート!$M$113:$M$132,$G66,月間集計シート!R$113:R$132)*AP$2 -> 0 | AQ66: =SUMIF(月間集計シート!$M$113:$M$132,$G66,月間集計シート!S$113:S$132)*AQ$2 -> 0 | AR66: =SUMIF(月間集計シート!$M$113:$M$132,$G66,月間集計シート!T$113:T$132)*AR$2 -> 0 | AS66: =SUMIF(月間集計シート!$M$134:$M$153,$G66,月間集計シート!N$134:N$153)*AS$2 -> 0 | AT66: =SUMIF(月間集計シート!$M$134:$M$153,$G66,月間集計シート!O$134:O$153)*AT$2 -> 0 | AU66: =SUMIF(月間集計シート!$M$134:$M$153,$G66,月間集計シート!P$134:P$153)*AU$2 -> 0 | AV66: =SUMIF(月間集計シート!$M$134:$M$153,$G66,月間集計シート!Q$134:Q$153)*AV$2 -> 0 | AW66: =SUMIF(月間集計シート!$M$134:$M$153,$G66,月間集計シート!R$134:R$153)*AW$2 -> 0 | AX66: =SUMIF(月間集計シート!$M$134:$M$153,$G66,月間集計シート!S$134:S$153)*AX$2 -> 0 | AY66: =SUMIF(月間集計シート!$M$134:$M$153,$G66,月間集計シート!T$134:T$153)*AY$2 -> 0
A67: 1 | B67: =B66 -> 999909 | C67: =C66 -> #N/A | E67: =工種!A59 -> 80101 | F67: =工種!B59 -> 保守／ｻﾎﾟｰﾄ：調査 | G67: =B67&E67 -> 99990980101 | H67: =SUM(J67:AY67) -> 0 | J67: =SUMIF(月間集計シート!$M$29:$M$48,$G67,月間集計シート!N$29:N$48)*J$2 -> 0 | K67: =SUMIF(月間集計シート!$M$29:$M$48,$G67,月間集計シート!O$29:O$48)*K$2 -> 0 | L67: =SUMIF(月間集計シート!$M$29:$M$48,$G67,月間集計シート!P$29:P$48)*L$2 -> 0 | M67: =SUMIF(月間集計シート!$M$29:$M$48,$G67,月間集計シート!Q$29:Q$48)*M$2 -> 0 | N67: =SUMIF(月間集計シート!$M$29:$M$48,$G67,月間集計シート!R$29:R$48)*N$2 -> 0 | O67: =SUMIF(月間集計シート!$M$29:$M$48,$G67,月間集計シート!S$29:S$48)*O$2 -> 0 | P67: =SUMIF(月間集計シート!$M$29:$M$48,$G67,月間集計シート!T$29:T$48)*P$2 -> 0 | Q67: =SUMIF(月間集計シート!$M$50:$M$69,$G67,月間集計シート!N$50:N$69)*Q$2 -> 0 | R67: =SUMIF(月間集計シート!$M$50:$M$69,$G67,月間集計シート!O$50:O$69)*R$2 -> 0 | S67: =SUMIF(月間集計シート!$M$50:$M$69,$G67,月間集計シート!P$50:P$69)*S$2 -> 0 | T67: =SUMIF(月間集計シート!$M$50:$M$69,$G67,月間集計シート!Q$50:Q$69)*T$2 -> 0 | U67: =SUMIF(月間集計シート!$M$50:$M$69,$G67,月間集計シート!R$50:R$69)*U$2 -> 0 | V67: =SUMIF(月間集計シート!$M$50:$M$69,$G67,月間集計シート!S$50:S$69)*V$2 -> 0 | W67: =SUMIF(月間集計シート!$M$50:$M$69,$G67,月間集計シート!T$50:T$69)*W$2 -> 0 | X67: =SUMIF(月間集計シート!$M$71:$M$90,$G67,月間集計シート!N$71:N$90)*X$2 -> 0 | Y67: =SUMIF(月間集計シート!$M$71:$M$90,$G67,月間集計シート!O$71:O$90)*Y$2 -> 0 | Z67: =SUMIF(月間集計シート!$M$71:$M$90,$G67,月間集計シート!P$71:P$90)*Z$2 -> 0 | AA67: =SUMIF(月間集計シート!$M$71:$M$90,$G67,月間集計シート!Q$71:Q$90)*AA$2 -> 0 | AB67: =SUMIF(月間集計シート!$M$71:$M$90,$G67,月間集計シート!R$71:R$90)*AB$2 -> 0 | AC67: =SUMIF(月間集計シート!$M$71:$M$90,$G67,月間集計シート!S$71:S$90)*AC$2 -> 0 | AD67: =SUMIF(月間集計シート!$M$71:$M$90,$G67,月間集計シート!T$71:T$90)*AD$2 -> 0 | AE67: =SUMIF(月間集計シート!$M$92:$M$111,$G67,月間集計シート!N$92:N$111)*AE$2 -> 0 | AF67: =SUMIF(月間集計シート!$M$92:$M$111,$G67,月間集計シート!O$92:O$111)*AF$2 -> 0 | AG67: =SUMIF(月間集計シート!$M$92:$M$111,$G67,月間集計シート!P$92:P$111)*AG$2 -> 0 | AH67: =SUMIF(月間集計シート!$M$92:$M$111,$G67,月間集計シート!Q$92:Q$111)*AH$2 -> 0 | AI67: =SUMIF(月間集計シート!$M$92:$M$111,$G67,月間集計シート!R$92:R$111)*AI$2 -> 0 | AJ67: =SUMIF(月間集計シート!$M$92:$M$111,$G67,月間集計シート!S$92:S$111)*AJ$2 -> 0 | AK67: =SUMIF(月間集計シート!$M$92:$M$111,$G67,月間集計シート!T$92:T$111)*AK$2 -> 0 | AL67: =SUMIF(月間集計シート!$M$113:$M$132,$G67,月間集計シート!N$113:N$132)*AL$2 -> 0 | AM67: =SUMIF(月間集計シート!$M$113:$M$132,$G67,月間集計シート!O$113:O$132)*AM$2 -> 0 | AN67: =SUMIF(月間集計シート!$M$113:$M$132,$G67,月間集計シート!P$113:P$132)*AN$2 -> 0 | AO67: =SUMIF(月間集計シート!$M$113:$M$132,$G67,月間集計シート!Q$113:Q$132)*AO$2 -> 0 | AP67: =SUMIF(月間集計シート!$M$113:$M$132,$G67,月間集計シート!R$113:R$132)*AP$2 -> 0 | AQ67: =SUMIF(月間集計シート!$M$113:$M$132,$G67,月間集計シート!S$113:S$132)*AQ$2 -> 0 | AR67: =SUMIF(月間集計シート!$M$113:$M$132,$G67,月間集計シート!T$113:T$132)*AR$2 -> 0 | AS67: =SUMIF(月間集計シート!$M$134:$M$153,$G67,月間集計シート!N$134:N$153)*AS$2 -> 0 | AT67: =SUMIF(月間集計シート!$M$134:$M$153,$G67,月間集計シート!O$134:O$153)*AT$2 -> 0 | AU67: =SUMIF(月間集計シート!$M$134:$M$153,$G67,月間集計シート!P$134:P$153)*AU$2 -> 0 | AV67: =SUMIF(月間集計シート!$M$134:$M$153,$G67,月間集計シート!Q$134:Q$153)*AV$2 -> 0 | AW67: =SUMIF(月間集計シート!$M$134:$M$153,$G67,月間集計シート!R$134:R$153)*AW$2 -> 0 | AX67: =SUMIF(月間集計シート!$M$134:$M$153,$G67,月間集計シート!S$134:S$153)*AX$2 -> 0 | AY67: =SUMIF(月間集計シート!$M$134:$M$153,$G67,月間集計シート!T$134:T$153)*AY$2 -> 0
A68: 1 | B68: =B67 -> 999909 | C68: =C67 -> #N/A | E68: =工種!A60 -> 80102 | F68: =工種!B60 -> 保守／ｻﾎﾟｰﾄ：社内問い合わせ | G68: =B68&E68 -> 99990980102 | H68: =SUM(J68:AY68) -> 0 | J68: =SUMIF(月間集計シート!$M$29:$M$48,$G68,月間集計シート!N$29:N$48)*J$2 -> 0 | K68: =SUMIF(月間集計シート!$M$29:$M$48,$G68,月間集計シート!O$29:O$48)*K$2 -> 0 | L68: =SUMIF(月間集計シート!$M$29:$M$48,$G68,月間集計シート!P$29:P$48)*L$2 -> 0 | M68: =SUMIF(月間集計シート!$M$29:$M$48,$G68,月間集計シート!Q$29:Q$48)*M$2 -> 0 | N68: =SUMIF(月間集計シート!$M$29:$M$48,$G68,月間集計シート!R$29:R$48)*N$2 -> 0 | O68: =SUMIF(月間集計シート!$M$29:$M$48,$G68,月間集計シート!S$29:S$48)*O$2 -> 0 | P68: =SUMIF(月間集計シート!$M$29:$M$48,$G68,月間集計シート!T$29:T$48)*P$2 -> 0 | Q68: =SUMIF(月間集計シート!$M$50:$M$69,$G68,月間集計シート!N$50:N$69)*Q$2 -> 0 | R68: =SUMIF(月間集計シート!$M$50:$M$69,$G68,月間集計シート!O$50:O$69)*R$2 -> 0 | S68: =SUMIF(月間集計シート!$M$50:$M$69,$G68,月間集計シート!P$50:P$69)*S$2 -> 0 | T68: =SUMIF(月間集計シート!$M$50:$M$69,$G68,月間集計シート!Q$50:Q$69)*T$2 -> 0 | U68: =SUMIF(月間集計シート!$M$50:$M$69,$G68,月間集計シート!R$50:R$69)*U$2 -> 0 | V68: =SUMIF(月間集計シート!$M$50:$M$69,$G68,月間集計シート!S$50:S$69)*V$2 -> 0 | W68: =SUMIF(月間集計シート!$M$50:$M$69,$G68,月間集計シート!T$50:T$69)*W$2 -> 0 | X68: =SUMIF(月間集計シート!$M$71:$M$90,$G68,月間集計シート!N$71:N$90)*X$2 -> 0 | Y68: =SUMIF(月間集計シート!$M$71:$M$90,$G68,月間集計シート!O$71:O$90)*Y$2 -> 0 | Z68: =SUMIF(月間集計シート!$M$71:$M$90,$G68,月間集計シート!P$71:P$90)*Z$2 -> 0 | AA68: =SUMIF(月間集計シート!$M$71:$M$90,$G68,月間集計シート!Q$71:Q$90)*AA$2 -> 0 | AB68: =SUMIF(月間集計シート!$M$71:$M$90,$G68,月間集計シート!R$71:R$90)*AB$2 -> 0 | AC68: =SUMIF(月間集計シート!$M$71:$M$90,$G68,月間集計シート!S$71:S$90)*AC$2 -> 0 | AD68: =SUMIF(月間集計シート!$M$71:$M$90,$G68,月間集計シート!T$71:T$90)*AD$2 -> 0 | AE68: =SUMIF(月間集計シート!$M$92:$M$111,$G68,月間集計シート!N$92:N$111)*AE$2 -> 0 | AF68: =SUMIF(月間集計シート!$M$92:$M$111,$G68,月間集計シート!O$92:O$111)*AF$2 -> 0 | AG68: =SUMIF(月間集計シート!$M$92:$M$111,$G68,月間集計シート!P$92:P$111)*AG$2 -> 0 | AH68: =SUMIF(月間集計シート!$M$92:$M$111,$G68,月間集計シート!Q$92:Q$111)*AH$2 -> 0 | AI68: =SUMIF(月間集計シート!$M$92:$M$111,$G68,月間集計シート!R$92:R$111)*AI$2 -> 0 | AJ68: =SUMIF(月間集計シート!$M$92:$M$111,$G68,月間集計シート!S$92:S$111)*AJ$2 -> 0 | AK68: =SUMIF(月間集計シート!$M$92:$M$111,$G68,月間集計シート!T$92:T$111)*AK$2 -> 0 | AL68: =SUMIF(月間集計シート!$M$113:$M$132,$G68,月間集計シート!N$113:N$132)*AL$2 -> 0 | AM68: =SUMIF(月間集計シート!$M$113:$M$132,$G68,月間集計シート!O$113:O$132)*AM$2 -> 0 | AN68: =SUMIF(月間集計シート!$M$113:$M$132,$G68,月間集計シート!P$113:P$132)*AN$2 -> 0 | AO68: =SUMIF(月間集計シート!$M$113:$M$132,$G68,月間集計シート!Q$113:Q$132)*AO$2 -> 0 | AP68: =SUMIF(月間集計シート!$M$113:$M$132,$G68,月間集計シート!R$113:R$132)*AP$2 -> 0 | AQ68: =SUMIF(月間集計シート!$M$113:$M$132,$G68,月間集計シート!S$113:S$132)*AQ$2 -> 0 | AR68: =SUMIF(月間集計シート!$M$113:$M$132,$G68,月間集計シート!T$113:T$132)*AR$2 -> 0 | AS68: =SUMIF(月間集計シート!$M$134:$M$153,$G68,月間集計シート!N$134:N$153)*AS$2 -> 0 | AT68: =SUMIF(月間集計シート!$M$134:$M$153,$G68,月間集計シート!O$134:O$153)*AT$2 -> 0 | AU68: =SUMIF(月間集計シート!$M$134:$M$153,$G68,月間集計シート!P$134:P$153)*AU$2 -> 0 | AV68: =SUMIF(月間集計シート!$M$134:$M$153,$G68,月間集計シート!Q$134:Q$153)*AV$2 -> 0 | AW68: =SUMIF(月間集計シート!$M$134:$M$153,$G68,月間集計シート!R$134:R$153)*AW$2 -> 0 | AX68: =SUMIF(月間集計シート!$M$134:$M$153,$G68,月間集計シート!S$134:S$153)*AX$2 -> 0 | AY68: =SUMIF(月間集計シート!$M$134:$M$153,$G68,月間集計シート!T$134:T$153)*AY$2 -> 0
A69: 1 | B69: =B68 -> 999909 | C69: =C68 -> #N/A | E69: =工種!A61 -> 80103 | F69: =工種!B61 -> 保守／ｻﾎﾟｰﾄ：支社・他部門支援 | G69: =B69&E69 -> 99990980103 | H69: =SUM(J69:AY69) -> 0 | J69: =SUMIF(月間集計シート!$M$29:$M$48,$G69,月間集計シート!N$29:N$48)*J$2 -> 0 | K69: =SUMIF(月間集計シート!$M$29:$M$48,$G69,月間集計シート!O$29:O$48)*K$2 -> 0 | L69: =SUMIF(月間集計シート!$M$29:$M$48,$G69,月間集計シート!P$29:P$48)*L$2 -> 0 | M69: =SUMIF(月間集計シート!$M$29:$M$48,$G69,月間集計シート!Q$29:Q$48)*M$2 -> 0 | N69: =SUMIF(月間集計シート!$M$29:$M$48,$G69,月間集計シート!R$29:R$48)*N$2 -> 0 | O69: =SUMIF(月間集計シート!$M$29:$M$48,$G69,月間集計シート!S$29:S$48)*O$2 -> 0 | P69: =SUMIF(月間集計シート!$M$29:$M$48,$G69,月間集計シート!T$29:T$48)*P$2 -> 0 | Q69: =SUMIF(月間集計シート!$M$50:$M$69,$G69,月間集計シート!N$50:N$69)*Q$2 -> 0 | R69: =SUMIF(月間集計シート!$M$50:$M$69,$G69,月間集計シート!O$50:O$69)*R$2 -> 0 | S69: =SUMIF(月間集計シート!$M$50:$M$69,$G69,月間集計シート!P$50:P$69)*S$2 -> 0 | T69: =SUMIF(月間集計シート!$M$50:$M$69,$G69,月間集計シート!Q$50:Q$69)*T$2 -> 0 | U69: =SUMIF(月間集計シート!$M$50:$M$69,$G69,月間集計シート!R$50:R$69)*U$2 -> 0 | V69: =SUMIF(月間集計シート!$M$50:$M$69,$G69,月間集計シート!S$50:S$69)*V$2 -> 0 | W69: =SUMIF(月間集計シート!$M$50:$M$69,$G69,月間集計シート!T$50:T$69)*W$2 -> 0 | X69: =SUMIF(月間集計シート!$M$71:$M$90,$G69,月間集計シート!N$71:N$90)*X$2 -> 0 | Y69: =SUMIF(月間集計シート!$M$71:$M$90,$G69,月間集計シート!O$71:O$90)*Y$2 -> 0 | Z69: =SUMIF(月間集計シート!$M$71:$M$90,$G69,月間集計シート!P$71:P$90)*Z$2 -> 0 | AA69: =SUMIF(月間集計シート!$M$71:$M$90,$G69,月間集計シート!Q$71:Q$90)*AA$2 -> 0 | AB69: =SUMIF(月間集計シート!$M$71:$M$90,$G69,月間集計シート!R$71:R$90)*AB$2 -> 0 | AC69: =SUMIF(月間集計シート!$M$71:$M$90,$G69,月間集計シート!S$71:S$90)*AC$2 -> 0 | AD69: =SUMIF(月間集計シート!$M$71:$M$90,$G69,月間集計シート!T$71:T$90)*AD$2 -> 0 | AE69: =SUMIF(月間集計シート!$M$92:$M$111,$G69,月間集計シート!N$92:N$111)*AE$2 -> 0 | AF69: =SUMIF(月間集計シート!$M$92:$M$111,$G69,月間集計シート!O$92:O$111)*AF$2 -> 0 | AG69: =SUMIF(月間集計シート!$M$92:$M$111,$G69,月間集計シート!P$92:P$111)*AG$2 -> 0 | AH69: =SUMIF(月間集計シート!$M$92:$M$111,$G69,月間集計シート!Q$92:Q$111)*AH$2 -> 0 | AI69: =SUMIF(月間集計シート!$M$92:$M$111,$G69,月間集計シート!R$92:R$111)*AI$2 -> 0 | AJ69: =SUMIF(月間集計シート!$M$92:$M$111,$G69,月間集計シート!S$92:S$111)*AJ$2 -> 0 | AK69: =SUMIF(月間集計シート!$M$92:$M$111,$G69,月間集計シート!T$92:T$111)*AK$2 -> 0 | AL69: =SUMIF(月間集計シート!$M$113:$M$132,$G69,月間集計シート!N$113:N$132)*AL$2 -> 0 | AM69: =SUMIF(月間集計シート!$M$113:$M$132,$G69,月間集計シート!O$113:O$132)*AM$2 -> 0 | AN69: =SUMIF(月間集計シート!$M$113:$M$132,$G69,月間集計シート!P$113:P$132)*AN$2 -> 0 | AO69: =SUMIF(月間集計シート!$M$113:$M$132,$G69,月間集計シート!Q$113:Q$132)*AO$2 -> 0 | AP69: =SUMIF(月間集計シート!$M$113:$M$132,$G69,月間集計シート!R$113:R$132)*AP$2 -> 0 | AQ69: =SUMIF(月間集計シート!$M$113:$M$132,$G69,月間集計シート!S$113:S$132)*AQ$2 -> 0 | AR69: =SUMIF(月間集計シート!$M$113:$M$132,$G69,月間集計シート!T$113:T$132)*AR$2 -> 0 | AS69: =SUMIF(月間集計シート!$M$134:$M$153,$G69,月間集計シート!N$134:N$153)*AS$2 -> 0 | AT69: =SUMIF(月間集計シート!$M$134:$M$153,$G69,月間集計シート!O$134:O$153)*AT$2 -> 0 | AU69: =SUMIF(月間集計シート!$M$134:$M$153,$G69,月間集計シート!P$134:P$153)*AU$2 -> 0 | AV69: =SUMIF(月間集計シート!$M$134:$M$153,$G69,月間集計シート!Q$134:Q$153)*AV$2 -> 0 | AW69: =SUMIF(月間集計シート!$M$134:$M$153,$G69,月間集計シート!R$134:R$153)*AW$2 -> 0 | AX69: =SUMIF(月間集計シート!$M$134:$M$153,$G69,月間集計シート!S$134:S$153)*AX$2 -> 0 | AY69: =SUMIF(月間集計シート!$M$134:$M$153,$G69,月間集計シート!T$134:T$153)*AY$2 -> 0
